symbol,price
ETHBTC,0.03315
LTCBTC,0.000785
BNBBTC,0.010024
NEOBTC,4.044e-05
QTUMETH,0.000437
EOSETH,0.0003067
SNTETH,1.7e-05
BNTETH,0.0002026
BCCBTC,0.0
GASBTC,2.25e-05
BNBETH,0.3023
BTCUSDT,88189.86
ETHUSDT,2923.88
HSRBTC,0.0
OAXETH,0.0
DNTETH,0.0
MCOETH,0.0
ICNETH,0.0
MCOBTC,0.0
WTCBTC,2.4e-07
WTCETH,0.0
LRCBTC,5.3e-07
LRCETH,1.675e-05
QTUMBTC,1.628e-05
YOYOBTC,0.0
OMGBTC,3.08e-05
OMGETH,0.000791
ZRXBTC,1.54e-06
ZRXETH,9.94e-05
STRATBTC,0.0
STRATETH,0.0
SNGLSBTC,0.0
SNGLSETH,0.0
BQXBTC,0.0
BQXETH,0.0
KNCBTC,2.41e-06
KNCETH,0.0003941
FUNBTC,0.0
FUNETH,1.46e-06
SNMBTC,5.7e-07
SNMETH,0.0
NEOETH,0.004775
IOTABTC,9.7e-07
IOTAETH,3.346e-05
LINKBTC,0.0001355
LINKETH,0.004088
XVGBTC,0.0
XVGETH,2.47e-06
SALTBTC,0.0
SALTETH,0.0
MDABTC,0.0
MDAETH,0.0
MTLBTC,4.09e-06
MTLETH,0.0006834
SUBBTC,0.0
SUBETH,0.0
EOSBTC,7.16e-06
SNTBTC,3.2e-07
ETCETH,0.00387
ETCBTC,0.0001279
MTHBTC,0.0
MTHETH,0.0
ENGBTC,0.0
ENGETH,0.0
DNTBTC,1.86e-06
ZECBTC,0.004312
ZECETH,0.13046
BNTBTC,7.94e-06
ASTBTC,1.24e-06
ASTETH,0.0
DASHBTC,0.0007364
DASHETH,0.02084
OAXBTC,3.8e-07
ICNBTC,0.0
BTGBTC,0.000913
BTGETH,0.0
EVXBTC,0.0
EVXETH,0.0
REQBTC,1.22e-06
REQETH,0.0
VIBBTC,5.1e-07
VIBETH,3.45e-05
HSRETH,0.0
TRXBTC,3.35e-06
TRXETH,0.00010084
POWRBTC,9.4e-07
POWRETH,2.76e-05
ARKBTC,1.679e-05
ARKETH,0.0
YOYOETH,0.0
XRPBTC,2.147e-05
XRPETH,0.0006479
MODBTC,0.0
MODETH,0.0
ENJBTC,3.5e-07
ENJETH,6.172e-05
STORJBTC,1.43e-06
STORJETH,0.0
BNBUSDT,884.28
VENBNB,0.0
YOYOBNB,0.0
POWRBNB,0.0
VENBTC,0.0
VENETH,0.0
KMDBTC,1.5e-07
KMDETH,0.0
NULSBNB,0.0
RCNBTC,0.0
RCNETH,0.0
RCNBNB,0.0
NULSBTC,3e-07
NULSETH,0.0
RDNBTC,0.0
RDNETH,0.0
RDNBNB,0.0
XMRBTC,0.002287
XMRETH,0.04032
DLTBNB,0.0
WTCBNB,0.0
DLTBTC,0.0
DLTETH,0.0
AMBBTC,1e-07
AMBETH,0.0
AMBBNB,0.0
BCCETH,0.0
BCCUSDT,0.0
BCCBNB,0.0
BATBTC,1.95e-06
BATETH,0.0001063
BATBNB,0.0
BCPTBTC,0.0
BCPTETH,0.0
BCPTBNB,0.0
ARNBTC,0.0
ARNETH,0.0
GVTBTC,0.0
GVTETH,0.0
CDTBTC,0.0
CDTETH,0.0
GXSBTC,0.0
GXSETH,0.0
NEOUSDT,3.572
NEOBNB,0.03836
POEBTC,0.0
POEETH,0.0
QSPBTC,0.0
QSPETH,0.0
QSPBNB,0.0
BTSBTC,4.3e-07
BTSETH,0.0
BTSBNB,0.0
XZCBTC,0.0
XZCETH,0.0
XZCBNB,0.0
LSKBTC,2.02e-06
LSKETH,0.0003373
LSKBNB,0.0
TNTBTC,0.0
TNTETH,0.0
FUELBTC,0.0
FUELETH,0.0
MANABTC,1.61e-06
MANAETH,4.88e-05
BCDBTC,0.0
BCDETH,0.0
DGDBTC,0.0
DGDETH,0.0
IOTABNB,0.000717
ADXBTC,1e-06
ADXETH,3.007e-05
ADXBNB,0.0
ADABTC,3.99e-06
ADAETH,0.0001202
PPTBTC,0.0
PPTETH,0.0
CMTBTC,0.0
CMTETH,0.0
CMTBNB,0.0
XLMBTC,2.33e-06
XLMETH,7.045e-05
XLMBNB,0.0003036
CNDBTC,0.0
CNDETH,0.0
CNDBNB,0.0
LENDBTC,0.0
LENDETH,0.0
WABIBTC,3e-07
WABIETH,0.0
WABIBNB,0.0
LTCETH,0.02367
LTCUSDT,69.24
LTCBNB,0.0782
TNBBTC,0.0
TNBETH,0.0
WAVESBTC,1.626e-05
WAVESETH,0.000298
WAVESBNB,0.00513
GTOBTC,7.7e-07
GTOETH,0.0
GTOBNB,0.0
ICXBTC,6.1e-07
ICXETH,0.0001179
ICXBNB,0.0
OSTBTC,0.0
OSTETH,0.0
OSTBNB,0.0
ELFBTC,2.74e-06
ELFETH,0.0001433
AIONBTC,1.39e-06
AIONETH,0.0
AIONBNB,0.0
NEBLBTC,1.2e-05
NEBLBNB,0.0
BRDBTC,0.0
BRDETH,0.0
BRDBNB,0.0
MCOBNB,0.0
EDOBTC,0.0
EDOETH,0.0
WINGSBTC,0.0
WINGSETH,0.0
NAVBTC,0.0
NAVETH,0.0
NAVBNB,0.0
LUNBTC,0.0
LUNETH,0.0
TRIGBTC,0.0
TRIGETH,0.0
TRIGBNB,0.0
APPCBTC,0.0
APPCETH,0.0
APPCBNB,0.0
VIBEBTC,0.0
VIBEETH,0.0
RLCBTC,6.63e-06
RLCETH,0.0001993
RLCBNB,0.0
INSBTC,0.0
INSETH,0.0
PIVXBTC,1.9e-06
PIVXBNB,0.0
IOSTBTC,1e-07
IOSTETH,3.72e-06
CHATBTC,0.0
CHATETH,0.0
STEEMBTC,7.6e-07
STEEMETH,2.3e-05
STEEMBNB,0.0
NANOBTC,0.0
NANOETH,0.0
NANOBNB,0.0
VIABTC,0.0
VIAETH,0.0
VIABNB,0.0
BLZBTC,6e-07
BLZETH,4.159e-05
BLZBNB,0.0
AEBTC,0.0
AEETH,0.0
AEBNB,0.0
RPXBTC,0.0
RPXETH,0.0
RPXBNB,0.0
NCASHBTC,0.0
NCASHETH,0.0
NCASHBNB,0.0
POABTC,0.0
POAETH,0.0
POABNB,0.0
ZILBTC,1e-07
ZILETH,1.68e-06
ZILBNB,8.858e-05
ONTBTC,6.8e-07
ONTETH,0.0001253
ONTBNB,0.0
STORMBTC,0.0
STORMETH,0.0
STORMBNB,0.0
QTUMBNB,0.0
QTUMUSDT,1.274
XEMBTC,1.92e-06
XEMETH,0.0
XEMBNB,0.0
WANBTC,8.1e-07
WANETH,9.27e-05
WANBNB,0.0
WPRBTC,0.0
WPRETH,0.0
QLCBTC,2.1e-07
QLCETH,0.0
SYSBTC,2.2e-07
SYSETH,0.0
SYSBNB,0.0
QLCBNB,0.0
GRSBTC,0.0
GRSETH,0.0
ADAUSDT,0.3514
ADABNB,0.000398
CLOAKBTC,0.0
CLOAKETH,0.0
GNTBTC,0.0
GNTETH,0.0
GNTBNB,0.0
LOOMBTC,7.5e-07
LOOMETH,3.231e-05
LOOMBNB,0.0
XRPUSDT,1.8942
BCNBTC,0.0
BCNETH,0.0
BCNBNB,0.0
REPBTC,0.0003413
REPBNB,0.0
BTCTUSD,88310.8
TUSDBTC,0.0
ETHTUSD,2926.18
TUSDETH,0.0
TUSDBNB,0.0
ZENBTC,0.00010555
ZENETH,0.003991
ZENBNB,0.0329
SKYCOINBTC,0.0
SKYCOINETH,0.0
SKYCOINBNB,0.0
EOSUSDT,0.7799
EOSBNB,0.002583
CVCBTC,5.66e-06
CVCETH,0.0
CVCBNB,0.0
THETABTC,3.08e-06
THETAETH,0.0005017
THETABNB,0.002736
XRPBNB,0.002143
TUSDUSDT,0.9999
IOTAUSDT,0.0848
XLMUSDT,0.2061
IOTXBTC,9e-08
IOTXETH,2.63e-06
QKCBTC,1e-07
QKCETH,4.3e-06
AGIBTC,0.0
AGIETH,0.0
AGIBNB,0.0
NXSBTC,0.0
NXSETH,0.0
NXSBNB,0.0
ENJBNB,0.001368
DATABTC,8e-08
DATAETH,2.034e-05
ONTUSDT,0.0599
TRXBNB,0.0003336
TRXUSDT,0.2949
ETCUSDT,11.28
ETCBNB,0.01416
ICXUSDT,0.0542
SCBTC,0.0
SCETH,5.1e-07
NPXSBTC,0.0
NPXSETH,0.0
VENUSDT,0.0
KEYBTC,0.0
KEYETH,2.27e-06
NASBTC,0.0
NASETH,0.0
NASBNB,0.0
MFTBTC,0.0
MFTETH,4.33e-06
MFTBNB,0.0
DENTBTC,0.0
DENTETH,7e-08
ARDRBTC,6.5e-07
ARDRETH,0.0
ARDRBNB,0.0
NULSUSDT,0.0258
HOTBTC,0.0
HOTETH,1.7e-07
VETBTC,1.2e-07
VETETH,3.44e-06
VETUSDT,0.01008
VETBNB,1.339e-05
DOCKBTC,5e-08
DOCKETH,0.0
POLYBTC,1.384e-05
POLYBNB,0.0
PHXBTC,0.0
PHXETH,0.0
PHXBNB,0.0
HCBTC,0.0
HCETH,0.0
GOBTC,0.0
GOBNB,0.0
PAXBTC,0.0
PAXBNB,0.0
PAXUSDT,0.0
PAXETH,0.0
RVNBTC,1e-07
DCRBTC,0.0002185
DCRBNB,0.0
USDCBNB,0.0
MITHBTC,8e-07
MITHBNB,4.41e-05
BCHABCBTC,0.0
BCHSVBTC,0.0
BCHABCUSDT,0.0
BCHSVUSDT,0.0
BNBPAX,0.0
BTCPAX,0.0
ETHPAX,0.0
XRPPAX,0.0
EOSPAX,0.0
XLMPAX,0.0
RENBTC,4.3e-07
RENBNB,0.0
BNBTUSD,882.54
XRPTUSD,1.8945
EOSTUSD,0.0
XLMTUSD,0.0
BNBUSDC,883.33
BTCUSDC,88100.01
ETHUSDC,2920.89
XRPUSDC,1.8925
EOSUSDC,0.7778
XLMUSDC,0.2058
USDCUSDT,1.001
ADATUSD,0.3847
TRXTUSD,0.05986
NEOTUSD,0.0
TRXXRP,0.1557
XZCXRP,0.0
PAXTUSD,0.0
USDCTUSD,0.0
USDCPAX,0.0
LINKUSDT,11.95
LINKTUSD,14.423
LINKPAX,0.0
LINKUSDC,11.94
WAVESUSDT,1.076
WAVESTUSD,0.0
WAVESPAX,0.0
WAVESUSDC,0.0
BCHABCTUSD,0.0
BCHABCPAX,0.0
BCHABCUSDC,0.0
BCHSVTUSD,0.0
BCHSVPAX,0.0
BCHSVUSDC,0.0
LTCTUSD,83.07
LTCPAX,0.0
LTCUSDC,69.16
TRXPAX,0.0
TRXUSDC,0.2946
BTTBTC,0.0
BTTBNB,0.0
BTTUSDT,0.0
BNBUSDS,0.0
BTCUSDS,0.0
USDSUSDT,0.0
USDSPAX,0.0
USDSTUSD,0.0
USDSUSDC,0.0
BTTPAX,0.0
BTTTUSD,0.0
BTTUSDC,0.0
ONGBNB,0.0
ONGBTC,1.06e-06
ONGUSDT,0.0936
HOTBNB,0.0
HOTUSDT,0.00047
ZILUSDT,0.00485
ZRXBNB,0.0
ZRXUSDT,0.1312
FETBNB,0.0002527
FETBTC,2.5e-06
FETUSDT,0.2209
BATUSDT,0.1725
XMRBNB,0.3321
XMRUSDT,118.7
ZECBNB,0.1026
ZECUSDT,380.61
ZECPAX,0.0
ZECTUSD,0.0
ZECUSDC,380.28
IOSTUSDT,0.001517
CELRBNB,5.294e-05
CELRBTC,9e-08
CELRUSDT,0.00359
ADAPAX,0.0
ADAUSDC,0.3509
NEOPAX,0.0
NEOUSDC,3.567
DASHBNB,0.1183
DASHUSDT,64.97
NANOUSDT,0.0
OMGBNB,0.0
OMGUSDT,0.383
THETAUSDT,0.272
ENJUSDT,0.02743
MITHUSDT,0.00345
MATICBNB,0.000734
MATICBTC,6.67e-06
MATICUSDT,0.3794
ATOMBNB,0.00739
ATOMBTC,2.51e-05
ATOMUSDT,2.207
ATOMUSDC,2.206
ATOMPAX,0.0
ATOMTUSD,0.0
ETCUSDC,11.29
ETCPAX,0.0
ETCTUSD,0.0
BATUSDC,0.0
BATPAX,0.0
BATTUSD,0.0
PHBBNB,0.0
PHBBTC,2.69e-06
PHBUSDC,0.0
PHBTUSD,0.0
PHBPAX,0.0
TFUELBNB,0.0
TFUELBTC,2.1e-07
TFUELUSDT,0.01807
TFUELUSDC,0.0
TFUELTUSD,0.0
TFUELPAX,0.0
ONEBNB,4.537e-05
ONEBTC,9e-08
ONEUSDT,0.0035
ONETUSD,0.0
ONEPAX,0.0
ONEUSDC,0.0
FTMBNB,0.0010144
FTMBTC,7.43e-06
FTMUSDT,0.6994
FTMTUSD,0.0
FTMPAX,0.0
FTMUSDC,0.6986
BTCBBTC,0.0
BCPTTUSD,0.0
BCPTPAX,0.0
BCPTUSDC,0.0
ALGOBNB,0.0005825
ALGOBTC,1.36e-06
ALGOUSDT,0.1199
ALGOTUSD,0.0
ALGOPAX,0.0
ALGOUSDC,0.1197
USDSBUSDT,0.0
USDSBUSDS,0.0
GTOUSDT,0.01233
GTOPAX,0.0
GTOTUSD,0.0
GTOUSDC,0.0
ERDBNB,0.0
ERDBTC,0.0
ERDUSDT,0.0
ERDPAX,0.0
ERDUSDC,0.0
DOGEBNB,0.0
DOGEBTC,1.38e-06
DOGEUSDT,0.12223
DOGEPAX,0.0
DOGEUSDC,0.12211
DUSKBNB,0.0
DUSKBTC,1.75e-06
DUSKUSDT,0.1542
DUSKUSDC,0.0
DUSKPAX,0.0
BGBPUSDC,0.0
ANKRBNB,8.56e-05
ANKRBTC,9e-08
ANKRUSDT,0.00614
ANKRTUSD,0.0
ANKRPAX,0.0
ANKRUSDC,0.0
ONTPAX,0.0
ONTUSDC,0.0599
WINBNB,1e-07
WINBTC,0.0
WINUSDT,2.626e-05
WINUSDC,9.73e-05
COSBNB,2.678e-05
COSBTC,8e-08
COSUSDT,0.001263
TUSDBTUSD,0.0
NPXSUSDT,0.0
NPXSUSDC,0.0
COCOSBNB,0.00559
COCOSBTC,0.0
COCOSUSDT,1.7546
MTLUSDT,0.36
TOMOBNB,0.0
TOMOBTC,3.699e-05
TOMOUSDT,1.3819
TOMOUSDC,0.0
PERLBNB,0.0
PERLBTC,1.13e-06
PERLUSDC,0.0
PERLUSDT,0.0046
DENTUSDT,0.000186
MFTUSDT,0.005254
KEYUSDT,0.001253
STORMUSDT,0.0
DOCKUSDT,0.0039
WANUSDT,0.0714
FUNUSDT,0.001348
CVCUSDT,0.04295
BTTTRX,0.0
WINTRX,8.88e-05
CHZBNB,6.332e-05
CHZBTC,6.2e-07
CHZUSDT,0.05548
BANDBNB,0.0
BANDBTC,3.26e-06
BANDUSDT,0.288
BNBBUSD,251.8
BTCBUSD,42769.4
BUSDUSDT,1.0003
BEAMBNB,0.0
BEAMBTC,7.16e-06
BEAMUSDT,0.0652
XTZBNB,0.002883
XTZBTC,6.36e-06
XTZUSDT,0.5613
RENUSDT,0.04274
RVNUSDT,0.0071
HCUSDT,0.0
HBARBNB,0.00012001
HBARBTC,1.21e-06
HBARUSDT,0.10615
NKNBNB,0.0
NKNBTC,2.4e-07
NKNUSDT,0.0117
XRPBUSD,0.6345
ETHBUSD,2281.12
BCHABCBUSD,0.0
LTCBUSD,72.37
LINKBUSD,14.071
ETCBUSD,19.03
STXBNB,0.000944
STXBTC,3.35e-06
STXUSDT,0.296
KAVABNB,0.00276
KAVABTC,8.7e-07
KAVAUSDT,0.0767
BUSDNGN,0.0
BNBNGN,0.0
BTCNGN,99822596.0
ARPABNB,0.0001547
ARPABTC,1.5e-07
ARPAUSDT,0.0126
TRXBUSD,0.10329
EOSBUSD,0.634
IOTXUSDT,0.00768
RLCUSDT,0.585
MCOUSDT,0.0
XLMBUSD,0.1197
ADABUSD,0.6374
CTXCBNB,0.0
CTXCBTC,7.5e-07
CTXCUSDT,0.0634
BCHBNB,0.6657
BCHBTC,0.006674
BCHUSDT,588.8
BCHUSDC,588.2
BCHTUSD,322.0
BCHPAX,0.0
BCHBUSD,236.0
BTCRUB,3900027.0
ETHRUB,181477.6
XRPRUB,56.31
BNBRUB,22422.22
TROYBNB,1.06e-05
TROYBTC,0.0
TROYUSDT,6.9e-05
BUSDRUB,90.39
QTUMBUSD,2.537
VETBUSD,0.0212
VITEBNB,0.0
VITEBTC,7e-08
VITEUSDT,0.00086
FTTBNB,0.00513
FTTBTC,8.56e-05
FTTUSDT,0.4087
BTCTRY,3818331.0
BNBTRY,38282.0
BUSDTRY,29.33
ETHTRY,126580.0
XRPTRY,82.01
USDTTRY,43.29
USDTRUB,91.1
BTCEUR,74311.04
ETHEUR,2463.95
BNBEUR,745.12
XRPEUR,1.5965
EURBUSD,1.0757
EURUSDT,1.1867
OGNBNB,0.000383
OGNBTC,3.4e-07
OGNUSDT,0.0298
DREPBNB,0.0
DREPBTC,3.9e-07
DREPUSDT,0.0256
BULLUSDT,0.0
BULLBUSD,0.0
BEARUSDT,0.0
BEARBUSD,0.0
ETHBULLUSDT,0.0
ETHBULLBUSD,0.0
ETHBEARUSDT,0.0
ETHBEARBUSD,0.0
TCTBNB,0.0
TCTBTC,1.6e-07
TCTUSDT,0.00312
WRXBNB,0.000398
WRXBTC,4.55e-06
WRXUSDT,0.0173
ICXBUSD,0.1642
BTSUSDT,0.0054
BTSBUSD,0.0
LSKUSDT,0.178
BNTUSDT,0.3882
BNTBUSD,0.3599
LTOBNB,0.0
LTOBTC,3e-08
LTOUSDT,0.0038
ATOMBUSD,11.219
DASHBUSD,25.83
NEOBUSD,6.73
WAVESBUSD,2.216
XTZBUSD,0.671
EOSBULLUSDT,0.0
EOSBULLBUSD,0.0
EOSBEARUSDT,0.0
EOSBEARBUSD,0.0
XRPBULLUSDT,0.0
XRPBULLBUSD,0.0
XRPBEARUSDT,0.0
XRPBEARBUSD,0.0
BATBUSD,0.1709
ENJBUSD,0.2607
NANOBUSD,0.0
ONTBUSD,0.1574
RVNBUSD,0.01525
STRATBUSD,0.0
STRATBNB,0.0
STRATUSDT,0.0
AIONBUSD,0.0
AIONUSDT,0.00943
MBLBNB,0.0
MBLBTC,0.0
MBLUSDT,0.001207
COTIBNB,0.0002123
COTIBTC,2e-07
COTIUSDT,0.01767
ALGOBUSD,0.2071
BTTBUSD,0.0
TOMOBUSD,1.7807
XMRBUSD,170.2
ZECBUSD,25.5
BNBBULLUSDT,0.0
BNBBULLBUSD,0.0
BNBBEARUSDT,0.0
BNBBEARBUSD,0.0
STPTBNB,0.0
STPTBTC,6.7e-07
STPTUSDT,0.07042
BTCZAR,1505613.0
ETHZAR,51704.0
BNBZAR,0.0
USDTZAR,16.25
BUSDZAR,18.85
BTCBKRW,0.0
ETHBKRW,0.0
BNBBKRW,0.0
WTCUSDT,0.0103
DATABUSD,0.02344
DATAUSDT,0.0041
XZCUSDT,0.0
SOLBNB,0.1404
SOLBTC,0.001408
SOLUSDT,124.19
SOLBUSD,74.62
BTCIDRT,0.0
BNBIDRT,0.0
USDTIDRT,15907.0
BUSDIDRT,0.0
CTSIBTC,3.7e-07
CTSIUSDT,0.0322
CTSIBNB,0.0007983
CTSIBUSD,0.1642
HIVEBNB,0.0
HIVEBTC,1.06e-06
HIVEUSDT,0.093
CHRBNB,0.0004377
CHRBTC,5.6e-07
CHRUSDT,0.0385
BTCUPUSDT,16.6
BTCDOWNUSDT,0.001185
GXSUSDT,0.0
ARDRUSDT,0.05704
ERDBUSD,0.0
LENDUSDT,0.0
HBARBUSD,0.0602
MATICBUSD,0.8659
WRXBUSD,0.1105
ZILBUSD,0.01583
MDTBNB,0.0
MDTBTC,3e-07
MDTUSDT,0.01274
STMXBTC,1.6e-07
STMXETH,2.92e-06
STMXUSDT,0.004565
KNCBUSD,0.637
KNCUSDT,0.2119
REPBUSD,0.0
REPUSDT,4.73
LRCBUSD,0.1728
LRCUSDT,0.0472
IQBNB,0.0
IQBUSD,0.00502
PNTBTC,8.64e-06
PNTUSDT,0.035
BTCGBP,35986.75
ETHGBP,1974.32
XRPGBP,0.5257
BNBGBP,267.4
GBPBUSD,1.239
DGBBTC,9e-08
DGBBUSD,0.00632
BTCUAH,4083721.0
USDTUAH,46.2
COMPBTC,0.000268
COMPBNB,0.0
COMPBUSD,45.79
COMPUSDT,23.88
BTCBIDR,1042508253.0
ETHBIDR,47041943.0
BNBBIDR,3335250.0
BUSDBIDR,15559.0
USDTBIDR,15980.0
BKRWUSDT,0.0
BKRWBUSD,0.0
SCUSDT,0.001491
ZENUSDT,9.326
SXPBTC,7.5e-07
SXPBNB,0.00044
SXPBUSD,0.3721
SNXBTC,4.68e-06
SNXBNB,0.01057
SNXBUSD,1.936
SNXUSDT,0.413
ETHUPUSDT,11.651
ETHDOWNUSDT,0.0457
ADAUPUSDT,0.104
ADADOWNUSDT,0.001917
LINKUPUSDT,0.00608
LINKDOWNUSDT,0.000895
VTHOBNB,0.0
VTHOBUSD,0.0
VTHOUSDT,0.00076
DCRBUSD,0.0
DGBUSDT,0.00589
GBPUSDT,1.18
STORJBUSD,0.2371
SXPUSDT,0.0461
IRISBNB,0.0
IRISBTC,1.4e-07
IRISBUSD,0.0
MKRBNB,0.0
MKRBTC,0.01581
MKRUSDT,1813.7
MKRBUSD,1293.0
DAIBNB,0.0
DAIBTC,0.0
DAIUSDT,0.0
DAIBUSD,0.0
RUNEBNB,0.001885
RUNEBTC,6.4e-06
RUNEBUSD,5.462
MANABUSD,0.4388
DOGEBUSD,0.09742
LENDBUSD,0.0
ZRXBUSD,0.1689
DCRUSDT,21.48
STORJUSDT,0.1265
XRPBKRW,0.0
ADABKRW,0.0
BTCAUD,37210.08
ETHAUD,2565.09
AUDBUSD,0.7255
FIOBNB,0.0
FIOBTC,1.2e-07
FIOBUSD,0.01922
BNBUPUSDT,61.8
BNBDOWNUSDT,0.002151
XTZUPUSDT,0.0
XTZDOWNUSDT,0.0
AVABNB,0.0
AVABTC,3.56e-06
AVABUSD,0.47
USDTBKRW,0.0
BUSDBKRW,0.0
IOTABUSD,0.1431
MANAUSDT,0.1425
XRPAUD,0.7
BNBAUD,421.1
AUDUSDT,0.7252
BALBNB,0.0
BALBTC,3.122e-05
BALBUSD,3.15
YFIBNB,0.0
YFIBTC,0.03781
YFIBUSD,5325.0
YFIUSDT,3335.0
BLZBUSD,0.0553
KMDBUSD,0.0
BALUSDT,0.967
BLZUSDT,0.0582
IRISUSDT,0.00521
KMDUSDT,0.0163
BTCDAI,88159.0
ETHDAI,2921.31
BNBDAI,561.9
USDTDAI,0.999
BUSDDAI,1.0
JSTBNB,0.0
JSTBTC,5.2e-07
JSTBUSD,0.02103
JSTUSDT,0.04574
SRMBNB,0.00084
SRMBTC,1.523e-05
SRMBUSD,0.0353
SRMUSDT,0.24442
ANTBNB,0.01764
ANTBTC,0.0001432
ANTBUSD,4.303
ANTUSDT,7.407
CRVBNB,0.0
CRVBTC,3.87e-06
CRVBUSD,0.5041
CRVUSDT,0.3415
SANDBNB,0.000668
SANDBTC,1.49e-06
SANDUSDT,0.132
SANDBUSD,0.3261
OCEANBNB,0.001044
OCEANBTC,9.64e-06
OCEANBUSD,0.2848
OCEANUSDT,0.6123
NMRBTC,0.0001061
NMRBUSD,11.43
NMRUSDT,9.33
DOTBNB,0.002104
DOTBTC,2.11e-05
DOTBUSD,7.373
DOTUSDT,1.862
LUNABNB,0.0
LUNABTC,0.0
LUNABUSD,0.9442
LUNAUSDT,0.0791
IDEXBTC,3.5e-07
IDEXBUSD,0.04879
RSRBNB,8.52e-06
RSRBTC,0.0
RSRBUSD,0.00184
RSRUSDT,0.002317
PAXGBNB,6.469
PAXGBTC,0.05777
PAXGBUSD,1941.0
PAXGUSDT,5099.9
WNXMBNB,0.0
WNXMBTC,0.0
WNXMBUSD,0.0
WNXMUSDT,73.26
TRBBNB,0.0
TRBBTC,0.000227
TRBBUSD,90.12
TRBUSDT,19.4
ETHNGN,0.0
DOTBIDR,72297.0
LINKAUD,7.986
SXPAUD,0.0
BZRXBNB,0.0
BZRXBTC,0.0
BZRXBUSD,0.0
BZRXUSDT,0.0
WBTCBTC,0.9978
WBTCETH,30.06
SUSHIBNB,0.002698
SUSHIBTC,3.37e-06
SUSHIBUSD,0.566
SUSHIUSDT,0.2949
YFIIBNB,0.0
YFIIBTC,0.07249
YFIIBUSD,0.0
YFIIUSDT,435.5
KSMBNB,0.0908
KSMBTC,7.61e-05
KSMBUSD,18.87
KSMUSDT,6.67
EGLDBNB,0.00666
EGLDBTC,6.52e-05
EGLDBUSD,41.53
EGLDUSDT,5.72
DIABNB,0.0
DIABTC,2.9e-06
DIABUSD,0.2384
DIAUSDT,0.2558
RUNEUSDT,0.565
FIOUSDT,0.01077
UMABTC,8.75e-06
UMAUSDT,0.682
EOSUPUSDT,0.0
EOSDOWNUSDT,0.0
TRXUPUSDT,0.03854
TRXDOWNUSDT,1.139
XRPUPUSDT,0.0855
XRPDOWNUSDT,8.172e-05
DOTUPUSDT,0.096
DOTDOWNUSDT,16.737
SRMBIDR,0.0
ONEBIDR,0.0
LINKTRY,517.6
USDTNGN,1518.4
BELBNB,0.002538
BELBTC,1.51e-06
BELBUSD,0.5356
BELUSDT,0.1319
WINGBNB,0.0
WINGBTC,0.0001093
SWRVBNB,0.0
SWRVBUSD,0.0
WINGBUSD,5.79
WINGUSDT,0.326
LTCUPUSDT,0.0
LTCDOWNUSDT,0.0
LENDBKRW,0.0
SXPEUR,0.2654
CREAMBNB,0.0
CREAMBUSD,19.86
UNIBNB,0.01464
UNIBTC,5.31e-05
UNIBUSD,4.58
UNIUSDT,4.683
NBSBTC,0.0
NBSUSDT,0.00166
OXTBTC,2.5e-07
OXTUSDT,0.021
SUNBTC,0.0
SUNUSDT,0.0185
AVAXBNB,0.01328
AVAXBTC,0.0001334
AVAXBUSD,38.99
AVAXUSDT,11.77
HNTBTC,0.0002357
HNTUSDT,4.67
BAKEBNB,0.0006028
BURGERBNB,0.001536
SXPBIDR,0.0
LINKBKRW,0.0
FLMBNB,0.0
FLMBTC,1.6e-07
FLMBUSD,0.0
FLMUSDT,0.0167
SCRTBTC,1.8e-06
SCRTETH,0.000164
CAKEBNB,0.002142
CAKEBUSD,1.54
SPARTABNB,0.0
UNIUPUSDT,0.0
UNIDOWNUSDT,0.0
ORNBTC,1.586e-05
ORNUSDT,1.053
TRXNGN,0.0
SXPTRY,1.997
UTKBTC,4.5e-07
UTKUSDT,0.01196
XVSBNB,0.00596
XVSBTC,5.98e-05
XVSBUSD,7.03
XVSUSDT,5.28
ALPHABNB,0.000299
ALPHABTC,3.5e-07
ALPHABUSD,0.0771
ALPHAUSDT,0.0097
VIDTBTC,2e-08
VIDTBUSD,0.02305
AAVEBNB,0.1517
BTCBRL,465446.0
USDTBRL,5.2772
AAVEBTC,0.00175
AAVEETH,0.05278
AAVEBUSD,93.0
AAVEUSDT,154.47
AAVEBKRW,0.0
NEARBNB,0.001657
NEARBTC,1.664e-05
NEARBUSD,2.249
NEARUSDT,1.467
SXPUPUSDT,0.0
SXPDOWNUSDT,0.0
DOTBKRW,0.0
SXPGBP,0.0
FILBNB,0.00656
FILBTC,1.439e-05
FILBUSD,4.554
FILUSDT,1.272
FILUPUSDT,0.0
FILDOWNUSDT,0.0
YFIUPUSDT,0.0
YFIDOWNUSDT,0.0
INJBNB,0.00503
INJBTC,5e-05
INJBUSD,25.464
INJUSDT,4.412
AERGOBTC,2.57e-06
AERGOBUSD,0.1003
LINKEUR,10.08
ONEBUSD,0.01505
EASYETH,0.0
AUDIOBTC,3.2e-07
AUDIOBUSD,0.1527
AUDIOUSDT,0.028
CTKBNB,0.000281
CTKBTC,2.8e-06
CTKBUSD,0.534
CTKUSDT,0.2474
BCHUPUSDT,0.0
BCHDOWNUSDT,0.0
BOTBTC,0.0
BOTBUSD,0.0
ETHBRL,15429.66
DOTEUR,1.569
AKROBTC,0.0
AKROUSDT,0.000981
KP3RBNB,0.2025
KP3RBUSD,45.39
AXSBNB,0.001388
AXSBTC,2.991e-05
AXSBUSD,5.88
AXSUSDT,2.634
HARDBNB,0.000592
HARDBTC,3.18e-06
HARDBUSD,0.1091
HARDUSDT,0.0095
BNBBRL,4665.0
LTCEUR,58.31
RENBTCBTC,0.0
RENBTCETH,0.0
DNTBUSD,0.036
DNTUSDT,0.036
SLPETH,2.8e-07
ADAEUR,0.2962
LTCNGN,0.0
CVPETH,0.00032
CVPBUSD,0.343
STRAXBTC,2.5e-07
STRAXETH,0.0003188
STRAXBUSD,0.471
STRAXUSDT,0.01972
FORBTC,6e-08
FORBUSD,0.01703
UNFIBNB,0.0
UNFIBTC,1.85e-05
UNFIBUSD,7.815
UNFIUSDT,1.341
FRONTETH,0.0
FRONTBUSD,0.3322
BCHABUSD,0.0
ROSEBTC,2.1e-07
ROSEBUSD,0.06826
ROSEUSDT,0.01777
AVAXTRY,509.5
BUSDBRL,4.991
AVAUSDT,0.3138
SYSBUSD,0.0818
XEMUSDT,0.01596
HEGICETH,0.0
HEGICBUSD,0.0
AAVEUPUSDT,0.0
AAVEDOWNUSDT,0.0
PROMBNB,0.01443
PROMBUSD,4.424
XRPBRL,9.997
XRPNGN,0.0
SKLBTC,1.1e-07
SKLBUSD,0.0215
SKLUSDT,0.0096
BCHEUR,495.9
YFIEUR,4835.0
ZILBIDR,253.4
SUSDBTC,0.0
SUSDETH,0.0
SUSDUSDT,0.0
COVERETH,0.0
COVERBUSD,0.0
GLMBTC,2.59e-06
GLMETH,0.0001502
GHSTETH,0.0008175
GHSTBUSD,0.957
SUSHIUPUSDT,0.0
SUSHIDOWNUSDT,0.0
XLMUPUSDT,0.0
XLMDOWNUSDT,0.0
LINKBRL,63.15
LINKNGN,0.0
LTCRUB,6383.1
TRXTRY,12.765
XLMEUR,0.1736
DFETH,0.0
DFBUSD,0.036
GRTBTC,4.1e-07
GRTETH,1.221e-05
GRTUSDT,0.03572
JUVBTC,0.0001377
JUVBUSD,2.065
JUVUSDT,0.685
PSGBTC,6.93e-05
PSGBUSD,3.019
PSGUSDT,0.817
BUSDBVND,0.0
USDTBVND,0.0
1INCHBTC,1.57e-06
1INCHUSDT,0.1393
REEFBTC,0.0
REEFUSDT,0.000688
OGBTC,4.13e-05
OGUSDT,3.649
ATMBTC,9.44e-05
ATMUSDT,0.941
ASRBTC,0.0001339
ASRUSDT,1.631
CELOBTC,1.33e-06
CELOUSDT,0.118
RIFBTC,3.8e-07
RIFUSDT,0.0371
CHZTRY,2.406
XLMTRY,8.918
LINKGBP,13.173
GRTEUR,0.03016
BTCSTBTC,0.000331
BTCSTBUSD,1.16
BTCSTUSDT,5.35
TRUBTC,4.2e-07
TRUBUSD,0.0
TRUUSDT,0.0085
DEXEETH,0.001378
DEXEBUSD,2.1
EOSEUR,0.762
LTCBRL,365.0
USDCBUSD,0.9999
TUSDBUSD,0.9966
PAXBUSD,0.0
CKBBTC,0.0
CKBBUSD,0.00265
CKBUSDT,0.002392
TWTBTC,1.229e-05
TWTBUSD,0.7924
TWTUSDT,0.8447
FIROBTC,2.005e-05
FIROETH,0.0
FIROUSDT,0.3
BETHETH,0.9996
DOGEEUR,0.10303
DOGETRY,5.293
DOGEAUD,0.09449
DOGEBRL,0.6445
DOTNGN,0.0
PROSETH,0.000216
LITBTC,7.75e-06
LITBUSD,0.812
LITUSDT,0.743
BTCVAI,0.0
BUSDVAI,1.015
SFPBTC,3.72e-06
SFPBUSD,0.5992
SFPUSDT,0.3658
DOGEGBP,0.07759
DOTTRY,80.6
FXSBTC,2.74e-05
FXSBUSD,6.964
DODOBTC,2.1e-07
DODOBUSD,0.1233
DODOUSDT,0.0179
FRONTBTC,1.405e-05
EASYBTC,0.0
CAKEBTC,2.147e-05
CAKEUSDT,1.892
BAKEBUSD,0.1426
UFTETH,0.0001694
UFTBUSD,0.2061
1INCHBUSD,0.2519
BANDBUSD,1.539
GRTBUSD,0.1052
IOSTBUSD,0.007
OMGBUSD,0.466
REEFBUSD,0.001394
ACMBTC,9.05e-05
ACMBUSD,2.073
ACMUSDT,0.502
AUCTIONBTC,5.42e-05
AUCTIONBUSD,8.04
PHABTC,4.2e-07
PHABUSD,0.1034
DOTGBP,3.015
ADATRY,15.22
ADABRL,1.853
ADAGBP,0.513
TVKBTC,1.45e-06
TVKBUSD,0.02043
BADGERBTC,9.03e-06
BADGERBUSD,2.079
BADGERUSDT,0.762
FISBTC,2.1e-07
FISBUSD,0.2438
FISUSDT,0.0191
DOTBRL,9.83
ADAAUD,0.5054
HOTTRY,0.02032
EGLDEUR,4.83
OMBTC,8e-07
OMBUSD,0.01891
OMUSDT,0.0647
PONDBTC,1e-07
PONDBUSD,0.00936
PONDUSDT,0.00329
DEGOBTC,3.54e-05
DEGOBUSD,1.347
DEGOUSDT,0.421
AVAXEUR,9.91
BTTTRY,0.0
CHZBRL,0.3021
UNIEUR,4.856
ALICEBTC,6.31e-06
ALICEBUSD,0.726
ALICEUSDT,0.1625
CHZBUSD,0.0746
CHZEUR,0.053
CHZGBP,0.0572
BIFIBNB,0.0
BIFIBUSD,359.6
LINABTC,8e-08
LINABUSD,0.010131
LINAUSDT,0.000337
ADARUB,34.49
ENJBRL,1.328
ENJEUR,0.1946
MATICEUR,0.3444
NEOTRY,154.3
PERPBTC,4.3e-06
PERPBUSD,0.54698
PERPUSDT,0.125
RAMPBTC,0.0
RAMPBUSD,0.0
RAMPUSDT,0.0
SUPERBTC,2.13e-06
SUPERBUSD,0.0727
SUPERUSDT,0.1885
CFXBTC,7.6e-07
CFXBUSD,0.154
CFXUSDT,0.0671
ENJGBP,0.3676
EOSTRY,30.52
LTCGBP,63.56
LUNAEUR,0.0
RVNTRY,0.307
THETAEUR,0.614
XVGBUSD,0.003651
EPSBTC,0.0
EPSBUSD,0.0
EPSUSDT,0.0
AUTOBTC,0.00324
AUTOBUSD,95.1
AUTOUSDT,95.3
TKOBTC,3.97e-06
TKOBIDR,3360.0
TKOBUSD,0.2082
TKOUSDT,0.0799
PUNDIXETH,0.0001666
PUNDIXUSDT,0.2186
BTTBRL,0.0
BTTEUR,0.0
HOTEUR,0.001789
WINEUR,2.221e-05
TLMBTC,6e-08
TLMBUSD,0.00941
TLMUSDT,0.002175
1INCHUPUSDT,0.0
1INCHDOWNUSDT,0.0
BTGBUSD,17.62
BTGUSDT,17.65
HOTBUSD,0.001058
BNBUAH,26372.0
ONTTRY,2.603
VETEUR,0.00851
VETGBP,0.0143
WINBRL,0.0006576
MIRBTC,8.38e-06
MIRBUSD,0.13237
MIRUSDT,0.14168
BARBTC,0.000141
BARBUSD,2.533
BARUSDT,0.543
FORTHBTC,1.85e-05
FORTHBUSD,3.027
FORTHUSDT,1.631
CAKEGBP,2.714
DOGERUB,6.94
HOTBRL,0.0
WRXEUR,0.0
EZBTC,0.0
EZETH,0.0
BAKEUSDT,0.0519
BURGERBUSD,0.3208
BURGERUSDT,0.0172
SLPBUSD,0.001487
SLPUSDT,0.000973
TRXAUD,0.0
TRXEUR,0.2485
VETTRY,0.4369
SHIBUSDT,7.65e-06
SHIBBUSD,9.31e-06
ICPBTC,3.72e-05
ICPBNB,0.0168
ICPBUSD,3.897
ICPUSDT,3.28
SHIBEUR,6.45e-06
SHIBRUB,0.0
ETCEUR,20.0
ETCBRL,0.0
DOGEBIDR,955.0
ARBTC,3.77e-05
ARBNB,0.02183
ARBUSD,3.852
ARUSDT,3.34
POLSBTC,1.859e-05
POLSBNB,0.00265
POLSBUSD,0.2567
POLSUSDT,0.3079
MDXBTC,7.7e-07
MDXBNB,0.0
MDXBUSD,0.0644
MDXUSDT,0.0345
MASKBNB,0.002727
MASKBUSD,3.587
MASKUSDT,0.642
LPTBTC,3.67e-05
LPTBNB,0.00356
LPTBUSD,6.16
LPTUSDT,3.247
ETHUAH,97990.0
MATICBRL,2.125
SOLEUR,104.66
SHIBBRL,4.042e-05
AGIXBTC,9.69e-06
ICPEUR,2.77
MATICGBP,0.819
SHIBTRY,0.0003314
MATICBIDR,8382.0
MATICRUB,76.47
NUBTC,0.0
NUBNB,0.0
NUBUSD,0.0
NUUSDT,0.0
XVGUSDT,0.007511
RLCBUSD,0.0
CELRBUSD,0.01148
ATMBUSD,2.42
ZENBUSD,7.19
FTMBUSD,0.4218
THETABUSD,0.616
WINBUSD,6.94e-05
KAVABUSD,0.624
XEMBUSD,0.0
ATABTC,2.3e-07
ATABNB,0.000369
ATABUSD,0.0792
ATAUSDT,0.017
GTCBTC,6.88e-06
GTCBNB,0.0
GTCBUSD,0.952
GTCUSDT,0.13
TORNBTC,0.0002398
TORNBNB,0.0
TORNBUSD,1.69
TORNUSDT,4.06
MATICTRY,12.92
ETCGBP,0.0
SOLGBP,88.08
BAKEBTC,4.3e-07
COTIBUSD,0.03732
KEEPBTC,0.0
KEEPBNB,0.0
KEEPBUSD,0.0
KEEPUSDT,0.0
SOLTRY,5377.7
RUNEGBP,1.278
SOLBRL,655.2
SCBUSD,0.003664
CHRBUSD,0.1085
STMXBUSD,0.005851
HNTBUSD,1.228
FTTBUSD,1.13
DOCKBUSD,0.01527
ADABIDR,3965.0
ERNBNB,0.00669
ERNBUSD,1.471
ERNUSDT,2.183
KLAYBTC,1.85e-06
KLAYBNB,0.000618
KLAYBUSD,0.1354
KLAYUSDT,0.1255
RUNEEUR,3.762
MATICAUD,1.2141
DOTRUB,493.5
UTKBUSD,0.0561
IOTXBUSD,0.02148
PHAUSDT,0.0386
SOLRUB,5467.0
RUNEAUD,0.0
BUSDUAH,41.12
BONDBTC,3.108e-05
BONDBNB,0.0
BONDBUSD,4.262
BONDUSDT,2.152
MLNBTC,0.0001128
MLNBNB,0.0
MLNBUSD,15.73
MLNUSDT,4.61
GRTTRY,1.548
CAKEBRL,0.0
ICPRUB,0.0
DOTAUD,6.631
AAVEBRL,0.0
EOSAUD,0.0
DEXEUSDT,2.982
LTOBUSD,0.0559
ADXBUSD,0.1334
QUICKBTC,7.4e-07
QUICKBNB,0.0
QUICKBUSD,74.1
C98USDT,0.0212
C98BUSD,0.1343
C98BNB,0.000805
C98BTC,1.62e-06
CLVBTC,2.9e-07
CLVBNB,0.0002643
CLVBUSD,0.03282
CLVUSDT,0.02937
QNTBTC,0.0008297
QNTBNB,0.4015
QNTBUSD,85.5
QNTUSDT,73.45
FLOWBTC,9.6e-07
FLOWBNB,0.002474
FLOWBUSD,0.513
FLOWUSDT,0.063
XECBUSD,3.1e-05
AXSBRL,38.36
AXSAUD,8.66
TVKUSDT,0.05405
MINABTC,9.5e-07
MINABNB,0.001666
MINABUSD,0.3779
MINAUSDT,0.0846
RAYBNB,0.003868
RAYBUSD,0.1701
RAYUSDT,0.975
FARMBTC,0.000751
FARMBNB,0.0
FARMBUSD,21.12
FARMUSDT,16.88
ALPACABTC,2.34e-06
ALPACABNB,0.0
ALPACABUSD,0.1439
ALPACAUSDT,0.2244
TLMTRY,0.0942
QUICKUSDT,0.01102
ORNBUSD,0.5519
MBOXBTC,1.02e-06
MBOXBNB,0.000692
MBOXBUSD,0.209
MBOXUSDT,0.0279
VGXBTC,2.524e-05
VGXETH,0.000348
FORUSDT,0.00306
REQUSDT,0.1064
GHSTUSDT,0.183
TRURUB,2.98
FISBRL,1.781
WAXPUSDT,0.00822
WAXPBUSD,0.0417
WAXPBNB,0.0001706
WAXPBTC,9e-08
TRIBEBTC,0.0
TRIBEBNB,0.0
TRIBEBUSD,0.2057
TRIBEUSDT,0.2018
GNOUSDT,140.92
GNOBUSD,0.0
GNOBNB,0.0
GNOBTC,0.0
ARPATRY,0.5462
PROMBTC,8.96e-05
MTLBUSD,1.353
OGNBUSD,0.1129
XECUSDT,1.037e-05
C98BRL,1.308
SOLAUD,28.48
XRPBIDR,7835.0
POLYBUSD,0.27
ELFUSDT,0.2272
DYDXUSDT,0.1654
DYDXBUSD,3.771
DYDXBNB,0.003333
DYDXBTC,1.87e-06
ELFBUSD,0.3403
POLYUSDT,0.2696
IDEXUSDT,0.00922
VIDTUSDT,0.00115
SOLBIDR,311087.0
AXSBIDR,72500.0
BTCUSDP,19435.03
ETHUSDP,1344.37
BNBUSDP,282.09
USDPBUSD,1.0
USDPUSDT,1.0009
GALAUSDT,0.00601
GALABUSD,0.02957
GALABNB,2.877e-05
GALABTC,9e-08
FTMBIDR,3413.0
ALGOBIDR,0.0
CAKEAUD,0.0
KSMAUD,0.0
WAVESRUB,0.0
SUNBUSD,0.00544
ILVUSDT,5.65
ILVBUSD,39.06
ILVBNB,0.179
ILVBTC,6.5e-05
RENBUSD,0.045398
YGGUSDT,0.063
YGGBUSD,0.4053
YGGBNB,0.000687
YGGBTC,7.2e-07
STXBUSD,0.6756
SYSUSDT,0.01878
DFUSDT,0.01053
SOLUSDC,124.05
ARPARUB,4.928
LTCUAH,3191.0
FETBUSD,0.4915
ARPABUSD,0.0466
LSKBUSD,0.844
AVAXBIDR,266752.0
ALICEBIDR,29103.0
FIDAUSDT,0.0253
FIDABUSD,0.1782
FIDABNB,0.0
FIDABTC,2.9e-07
DENTBUSD,0.000707
FRONTUSDT,0.88
CVPUSDT,0.0339
AGLDBTC,3.1e-06
AGLDBNB,0.0
AGLDBUSD,0.827
AGLDUSDT,0.284
RADBTC,1.387e-05
RADBNB,0.01032
RADBUSD,1.321
RADUSDT,0.273
UNIAUD,0.0
HIVEBUSD,0.2758
STPTBUSD,0.04185
BETABTC,6.7e-07
BETABNB,0.000335
BETABUSD,0.06354
BETAUSDT,0.00036
SHIBAUD,1.121e-05
RAREBTC,2.5e-07
RAREBNB,0.000691
RAREBUSD,0.0596
RAREUSDT,0.0256
AVAXBRL,62.1
AVAXAUD,17.91
LUNAAUD,0.0
TROYBUSD,0.002269
AXSETH,0.0008883
FTMETH,0.0002148
SOLETH,0.04249
SSVBTC,4.191e-05
SSVETH,0.001299
LAZIOTRY,43.0
LAZIOEUR,2.548
LAZIOBTC,3.995e-05
LAZIOUSDT,1.01
CHESSBTC,2.72e-06
CHESSBNB,0.0
CHESSBUSD,0.12
CHESSUSDT,0.02931
FTMAUD,0.42
FTMBRL,1.923
SCRTBUSD,0.2629
ADXUSDT,0.089
AUCTIONUSDT,6.25
CELOBUSD,0.47
FTMRUB,36.85
NUAUD,0.0
NURUB,0.0
REEFTRY,0.02349
REEFBIDR,0.0
SHIBDOGE,6.29e-05
DARUSDT,0.21707
DARBUSD,0.07995
DARBNB,0.00037248
DARBTC,1.57e-06
BNXBTC,3.84e-06
BNXBNB,0.001227
BNXBUSD,0.2743
BNXUSDT,1.7819
RGTUSDT,0.0
RGTBTC,0.0
RGTBUSD,0.0
RGTBNB,0.0
LAZIOBUSD,1.644
OXTBUSD,0.0513
MANATRY,6.17
ALGORUB,12.6
SHIBUAH,0.0
LUNABIDR,0.0
AUDUSDC,0.6477
MOVRBTC,2.63e-05
MOVRBNB,0.0
MOVRBUSD,3.69
MOVRUSDT,2.28
CITYBTC,6.03e-05
CITYBNB,0.01454
CITYBUSD,2.964
CITYUSDT,0.599
ENSBTC,0.0001035
ENSBNB,0.03091
ENSBUSD,6.96
ENSUSDT,8.77
SANDETH,0.0001466
DOTETH,0.000638
MATICETH,0.0001616
ANKRBUSD,0.01906
SANDTRY,5.71
MANABRL,1.661
KP3RUSDT,16.48
QIUSDT,0.00294
QIBUSD,0.00507
QIBNB,0.0
QIBTC,1.2e-07
PORTOBTC,2.103e-05
PORTOUSDT,1.112
PORTOTRY,48.41
PORTOEUR,2.715
POWRUSDT,0.0847
POWRBUSD,0.1504
AVAXETH,0.004025
SLPTRY,0.04215
FISTRY,0.0
LRCTRY,2.04
CHRETH,7.08e-05
FISBIDR,0.0
VGXUSDT,0.018
GALAETH,2.04e-06
JASMYUSDT,0.00673
JASMYBUSD,0.003593
JASMYBNB,1.767e-05
JASMYBTC,1.7e-07
AMPBTC,1e-07
AMPBNB,0.0
AMPBUSD,0.001429
AMPUSDT,0.001953
PLABTC,4.65e-06
PLABNB,0.0006968
PLABUSD,0.1477
PLAUSDT,0.2347
PYRBTC,5.12e-06
PYRBUSD,3.903
PYRUSDT,0.433
RNDRBTC,0.0001032
RNDRUSDT,7.03
RNDRBUSD,3.04
ALCXBTC,0.0002373
ALCXBUSD,10.73
ALCXUSDT,6.74
SANTOSBTC,2.668e-05
SANTOSUSDT,2.377
SANTOSBRL,20.0
SANTOSTRY,102.66
MCBTC,1.4e-05
MCBUSD,0.2657
MCUSDT,0.4861
BELTRY,5.71
COCOSBUSD,1.7589
DENTTRY,0.00806
ENJTRY,1.188
NEORUB,734.0
SANDAUD,0.6359
SLPBIDR,32.3
ANYBTC,0.0
ANYBUSD,0.0
ANYUSDT,0.0
BICOBTC,4.7e-07
BICOBUSD,0.2514
BICOUSDT,0.038
FLUXBTC,1.12e-06
FLUXBUSD,0.3265
FLUXUSDT,0.0987
ALICETRY,7.04
FXSUSDT,0.812
GALABRL,0.0318
GALATRY,0.2602
LUNATRY,3.423
REQBUSD,0.0633
SANDBRL,1.807
MANABIDR,10781.0
SANDBIDR,6598.0
VOXELBTC,2.16e-06
VOXELBNB,0.0006934
VOXELBUSD,0.1325
VOXELUSDT,0.014
COSBUSD,0.00517
CTXCBUSD,0.115
FTMTRY,24.82
MANABNB,0.00155
MINATRY,3.66
XTZTRY,23.94
HIGHBTC,1.415e-05
HIGHBUSD,1.421
HIGHUSDT,0.204
CVXBTC,8.55e-05
CVXBUSD,2.597
CVXUSDT,2.058
PEOPLEBTC,1.1e-07
PEOPLEBUSD,0.0095
PEOPLEUSDT,0.00915
OOKIBUSD,0.001629
OOKIUSDT,0.000119
COCOSTRY,36.66
GXSBNB,0.0
LINKBNB,0.0135
LUNAETH,0.0
MDTBUSD,0.04578
NULSBUSD,0.1785
SPELLBTC,0.0
SPELLUSDT,0.000239
SPELLBUSD,0.0003973
USTBTC,0.0
USTBUSD,0.0
USTUSDT,0.0
JOEBTC,6.1e-07
JOEBUSD,0.2188
JOEUSDT,0.0536
ATOMETH,0.000773
DUSKBUSD,0.1431
EGLDETH,0.001959
ICPETH,0.001123
LUNABRL,0.0
LUNAUST,0.0
NEARETH,0.0005022
ROSEBNB,0.0001534
VOXELETH,0.0002022
ALICEBNB,0.00524
ATOMTRY,95.8
ETHUST,0.0
GALAAUD,0.0396
LRCBNB,0.000839
ONEETH,6.17e-06
OOKIBNB,1.491e-05
ACHBTC,1e-07
ACHBUSD,0.01646
ACHUSDT,0.01045
IMXBTC,2.64e-06
IMXBUSD,0.6508
IMXUSDT,0.232
GLMRBTC,2.7e-07
GLMRBUSD,0.2065
GLMRUSDT,0.0209
ATOMBIDR,0.0
DYDXETH,0.0
FARMETH,0.0
FORBNB,0.0
ICPTRY,142.0
JASMYETH,3.02e-06
LINABNB,0.0
OOKIETH,2.51e-06
ROSEETH,1.645e-05
UMABUSD,1.327
UNIETH,0.001603
XTZETH,0.00044
LOKABTC,1.02e-06
LOKABNB,0.0010427
LOKABUSD,0.1849
LOKAUSDT,0.1237
ATOMBRL,66.35
BNBUST,0.0
CRVETH,0.0002078
HIGHBNB,0.004557
NEARRUB,183.4
ROSETRY,0.768
SCRTUSDT,0.1577
API3BTC,4.53e-06
API3BUSD,1.0
API3USDT,0.4036
BTTCUSDT,4.1e-07
BTTCUSDC,7.8e-07
BTTCTRY,1.742e-05
ACABTC,3.2e-07
ACABUSD,0.0464
ACAUSDT,0.0066
ANCBTC,1.86e-06
ANCBUSD,0.02872
ANCUSDT,0.03151
BDOTDOT,0.9982
XNOBTC,7.91e-06
XNOETH,0.0005017
XNOBUSD,0.663
XNOUSDT,0.7
COSTRY,0.0547
KAVAETH,0.0003066
MCBNB,0.000698
ONETRY,0.152
WOOBTC,6.4e-07
WOOBNB,0.001141
WOOBUSD,0.1645
WOOUSDT,0.0244
CELRETH,7.89e-06
PEOPLEBNB,4.675e-05
SLPBNB,8.84e-06
SPELLBNB,0.0
SPELLTRY,0.01033
TFUELBUSD,0.0439
AXSTRY,114.1
DARTRY,7.666
NEARTRY,63.5
IDEXBNB,0.0001982
ALPINEEUR,2.196
ALPINETRY,23.05
ALPINEUSDT,0.532
ALPINEBTC,2.994e-05
TUSDT,0.00908
TBUSD,0.02312
API3BNB,0.0
BETAETH,3.349e-05
INJTRY,191.0
TLMBNB,0.0
ASTRBUSD,0.05
ASTRUSDT,0.01102
API3TRY,17.48
GLMRBNB,0.001021
MBOXTRY,1.209
NBTBIDR,39.1
NBTUSDT,0.00252
GMTBTC,2.1e-07
GMTBNB,0.000769
GMTBUSD,0.227
GMTUSDT,0.0158
ANCBNB,0.0001288
ATOMEUR,1.863
GALAEUR,0.00506
KSMETH,0.02114
UMATRY,29.51
KDABTC,5e-08
KDABUSD,0.42
KDAUSDT,0.006
APEUSDT,0.1805
APEBUSD,1.423
APEBTC,2.14e-06
ALPINEBUSD,1.749
LUNAGBP,0.0
NEAREUR,1.239
TWTTRY,36.53
WAVESEUR,1.354
APEEUR,1.508
APEGBP,3.305
APETRY,7.8
BSWUSDT,0.0112
BSWBUSD,0.067
BSWBNB,0.0002987
APEBNB,0.005277
GMTBRL,1.325
GMTETH,0.0001015
JASMYTRY,0.293
SANTOSBUSD,2.917
APEAUD,4.072
BIFIUSDT,169.0
GMTEUR,0.0133
IMXBNB,0.002362
RUNEETH,0.000193
AVAXGBP,14.18
MULTIBTC,3.673e-05
MULTIBUSD,2.097
MULTIUSDT,0.834
APEETH,0.0002919
BSWETH,0.0001366
FILTRY,55.0
FTMEUR,0.6809
GMTGBP,0.2107
ZILTRY,0.2102
GMTTRY,0.683
WAVESTRY,36.02
BTCUST,0.0
ASTRBTC,1.2e-07
ASTRETH,3.108e-05
BSWTRY,0.449
FTTETH,0.001141
FUNBNB,1.888e-05
PORTOBUSD,1.757
STEEMUSDT,0.067
ZILEUR,0.02063
APEBRL,22.16
AUDIOTRY,1.203
BTTCBUSD,4.5e-07
GMTAUD,0.5695
MBLBUSD,0.002658
MOBUSDT,0.0623
MOBBUSD,0.55
MOBBTC,9.4e-07
NEXOUSDT,0.94
NEXOBUSD,0.627
NEXOBTC,1.065e-05
REIUSDT,0.00401
REIBNB,8.21e-05
REIETH,1.928e-05
GALUSDT,2.542
GALBUSD,1.351
GALBNB,0.004893
GALBTC,4.073e-05
JASMYEUR,0.004568
KNCBNB,0.00255
SHIBGBP,6.96e-06
GALEUR,0.995
GALTRY,84.24
LDOBUSD,1.744
LDOUSDT,0.5138
LDOBTC,5.85e-06
ENSTRY,379.6
DAREUR,0.12133
DARETH,0.0001014
ALGOETH,4.447e-05
ALGOTRY,5.193
GALETH,0.000762
EPXUSDT,1.94e-05
EPXBUSD,0.0001698
RUNETRY,31.38
GALBRL,8.68
STEEMBUSD,0.1847
CVCBUSD,0.0688
REIBUSD,0.03079
DREPBUSD,0.2536
AKROBUSD,0.00618
PUNDIXBUSD,0.3336
LUNCBUSD,0.000171
USTCBUSD,0.0132658
OPBTC,3.36e-06
OPBUSD,1.803
OPUSDT,0.2946
OGBUSD,4.416
KEYBUSD,0.00543
ASRBUSD,2.159
FIROBUSD,1.441
NKNBUSD,0.0972
OPBNB,0.002818
OPEUR,0.2486
GTOBUSD,0.02863
SNXETH,0.000768
WBTCBUSD,40760.13
BELETH,0.0004117
LITETH,0.0003551
LEVERUSDT,0.000175
LEVERBUSD,0.001308
BURGERETH,0.00045
PEOPLEETH,6.68e-06
UNFIETH,0.002241
BONDETH,0.002665
STORJTRY,5.48
OPETH,0.0001002
ETCTRY,490.8
WINGETH,0.003521
FILETH,0.0004469
GLMBUSD,0.1786
SSVBUSD,15.74
STGBTC,1.92e-06
STGBUSD,0.414
STGUSDT,0.1695
ANKRTRY,0.2661
ARKBUSD,0.5356
BETHBUSD,1551.73
LOOMBUSD,0.04003
SNMBUSD,0.0147
AMBBUSD,0.00796
LUNCUSDT,3.77e-05
PHBBUSD,0.6588
GASBUSD,9.216
NEBLBUSD,0.354
PROSBUSD,0.315
VIBBUSD,0.04217
GMXBTC,0.000332
GMXBUSD,31.67
GMXUSDT,7.4
AGIXBUSD,0.29947
NEBLUSDT,0.355
SNTBUSD,0.02283
POLYXBTC,6.3e-07
POLYXBUSD,0.1217
POLYXUSDT,0.0555
APTBTC,1.748e-05
APTUSDT,1.541
APTBUSD,7.3198
BTCPLN,312843.0
ETHPLN,10388.0
BUSDPLN,4.065
APTEUR,1.299
APTTRY,66.8
APTBRL,39.76
QKCBUSD,0.008695
OSMOBTC,8.84e-06
OSMOUSDT,0.0514
OSMOBUSD,0.464
HFTBTC,3.1e-07
HFTBUSD,0.2589
HFTUSDT,0.0252
ARPAETH,2.363e-05
PHBUSDT,0.236
VITEBUSD,0.01726
HOOKBTC,7.88e-06
HOOKUSDT,0.0353
HOOKBUSD,0.8941
HOOKBNB,0.0031953
MAGICBTC,1.01e-06
MAGICBUSD,0.5585
MAGICUSDT,0.0893
BUSDRON,4.628
HIFIETH,0.0002531
HIFIUSDT,0.127
RPLBTC,0.000641
RPLBUSD,24.17
RPLUSDT,1.98
PROSUSDT,0.0372
FETTRY,9.56
GFTBUSD,0.02911
AGIXUSDT,0.6141
APTETH,0.000526
BTCRON,382301.0
GNSUSDT,0.963
GNSBTC,7.21e-05
SYNBTC,1.152e-05
SYNUSDT,0.0511
VIBUSDT,0.00223
SSVUSDT,4.09
LQTYUSDT,0.334
LQTYBTC,8.41e-06
AMBUSDT,0.00032
BETHUSDT,1556.27
CFXTRY,2.908
STXTRY,12.83
USTCUSDT,0.00636
GASUSDT,1.981
GLMUSDT,0.229
PROMUSDT,2.014
QKCUSDT,0.004026
UFTUSDT,0.0089
IDBTC,7.5e-07
IDBNB,0.0009493
IDUSDT,0.0658
ARBBTC,1.9e-06
ARBUSDT,0.1686
AGIXTRY,20.14
LOOMUSDT,0.04831
OAXUSDT,0.0358
ARBTUSD,0.1697
ARBTRY,7.29
ARBEUR,0.1421
IDTUSD,0.88208
IDTRY,2.855
IDEUR,0.18769
LDOTUSD,2.467
MATICTUSD,0.5043
OPTUSD,2.997
SOLTUSD,124.26
SSVTUSD,45.55
RDNTBTC,1.07e-06
RDNTUSDT,0.00843
RDNTTUSD,0.301
ARBRUB,95.1
JOETRY,12.22
MAGICTRY,3.86
USDTPLN,3.545
ACHTRY,0.4528
XVSTRY,246.8
EGLDRON,25.0
USDTRON,4.598
USDTARS,1516.9
DOGETUSD,0.16547
WBTCUSDT,88002.36
EDUUSDT,0.1398
EDUTUSD,1.06098
EDUBNB,0.0018105
EDUBTC,3.24e-06
EDUEUR,0.47455
EDUTRY,6.09
SUIUSDT,1.4391
SUITUSD,4.0669
SUIBTC,1.63e-05
SUIBNB,0.001626
SUIEUR,1.2132
SUITRY,62.29
AERGOUSDT,0.0635
RNDRTRY,233.63
PEPEUSDT,4.99e-06
PEPETUSD,2.351e-05
FLOKIUSDT,4.155e-05
FLOKITUSD,3.203e-05
OGTRY,158.1
PEPETRY,0.000216
WBETHETH,1.0889
ASTUSDT,0.0261
SNTUSDT,0.0272
FLOKITRY,0.0018
CITYTRY,25.9
COMBOUSDT,0.0276
COMBOBNB,0.002272
COMBOTRY,1.05
LTCTRY,2997.0
RADTRY,11.76
BTCARS,133854471.0
OPTRY,12.74
PAXGTRY,220697.0
MAVBTC,2.8e-07
MAVUSDT,0.02503
MAVTUSD,0.2194
CFXTUSD,0.2212
PENDLEBTC,2.132e-05
PENDLEUSDT,1.883
PENDLETUSD,2.7044
MAVTRY,1.08
OCEANTRY,20.1
TUSDTRY,35.34
ARBETH,5.76e-05
BCHTRY,25497.0
XVGTRY,0.3251
XVGTUSD,0.006269
ARKMUSDT,0.164
ARKMTUSD,1.151
ARKMTRY,7.11
ARKMBNB,0.000218
ARKMBTC,2.02e-06
WBETHUSDT,3181.0
ACATRY,0.288
AVAXTUSD,27.66
COMPTUSD,84.22
COMPTRY,1034.0
XECTRY,0.0004492
QUICKTUSD,0.04668
WLDUSDT,0.4552
WLDBTC,5.16e-06
BNBFDUSD,885.02
FDUSDBUSD,1.0
FDUSDUSDT,0.9989
ARKMRUB,40.11
WLDTRY,19.72
WLDRUB,218.3
AMPTRY,0.0846
OGNTRY,1.295
BTCFDUSD,88281.01
ETHFDUSD,2926.64
ASRTRY,70.66
ATMTRY,40.89
ACMTRY,21.73
BARTRY,23.46
JUVTRY,29.6
PSGTRY,35.27
SEIBNB,0.0001195
SEIBTC,1.19e-06
SEIFDUSD,0.1058
SEITRY,4.58
SEIUSDT,0.1054
CYBERBNB,0.000904
CYBERBTC,8.96e-06
CYBERFDUSD,0.79
CYBERTRY,34.1
CYBERUSDT,0.789
CYBERTUSD,3.765
SEITUSD,0.3633
LPTTRY,140.6
UNITRY,202.9
SOLFDUSD,124.31
TOMOTRY,40.26
UNFITRY,46.1
XRPFDUSD,1.8962
DOGEFDUSD,0.12234
CYBERETH,0.00027
MTLTRY,38.8
ARKUSDT,0.2575
CREAMUSDT,2.1
GFTUSDT,0.00196
IQUSDT,0.001528
USDTVAI,1.013
ARBFDUSD,0.2091
FDUSDTRY,43.25
FRONTTRY,30.14
SUIFDUSD,1.4409
NTRNBTC,6.21e-06
NTRNUSDT,0.0204
NTRNBNB,2.4e-05
FILFDUSD,1.278
FRONTTUSD,0.9138
LEVERTRY,0.00702
LTCFDUSD,69.28
ADAFDUSD,0.3519
RUNETUSD,5.501
TRBTRY,840.0
ATOMFDUSD,2.21
AVAXFDUSD,11.79
BANDTRY,37.91
BCHFDUSD,589.5
LOOMTRY,1.654
MATICFDUSD,0.3795
ALGOFDUSD,0.1214
DOTFDUSD,1.864
FTMFDUSD,0.7008
LINKFDUSD,11.96
NEARFDUSD,1.47
STRAXTRY,0.855
TIABTC,5e-06
TIAUSDT,0.441
TIATRY,19.09
MEMEBNB,4.107e-05
MEMEUSDT,0.00104
MEMEFDUSD,0.001136
MEMETUSD,0.02722
MEMETRY,0.0449
ORDIBTC,4.822e-05
ORDIUSDT,3.895
ORDITRY,168.5
EGLDFDUSD,7.3
FETFDUSD,0.2787
GASFDUSD,2.785
INJETH,0.001559
INJTUSD,26.23
OPFDUSD,0.3422
ORDIFDUSD,5.159
ORDITUSD,36.89
RNDRFDUSD,7.029
SHIBTUSD,1.766e-05
BEAMXUSDT,0.002948
ARKTRY,11.15
BEAMXTRY,0.1277
CAKETRY,82.04
CAKETUSD,2.774
DYDXFDUSD,0.1757
PIVXUSDT,0.1677
RUNEFDUSD,0.744
TIATUSD,6.4
DOTTUSD,7.098
GALAFDUSD,0.00605
WLDFDUSD,0.4559
GASTRY,85.7
NTRNTRY,0.88
VICBTC,2.76e-06
VICUSDT,0.0812
VICTRY,3.52
BLURBTC,1.17e-06
BLURUSDT,0.02942
BLURTRY,1.269
BLURFDUSD,0.209
SUPERFDUSD,0.6012
USTCFDUSD,0.01829
USTCTRY,0.2758
DYDXTRY,7.18
VANRYUSDT,0.0076
VANRYBTC,2.7e-07
BTCAEUR,51466.5
AEURUSDT,1.1558
ETHAEUR,2700.0
EURAEUR,1.0831
AUCTIONFDUSD,8.45
IOTAFDUSD,0.1404
LUNCTRY,0.001631
SUPERTRY,8.16
JTOUSDT,0.335
JTOFDUSD,0.334
JTOTRY,14.4
1000SATSUSDT,1.547e-05
1000SATSFDUSD,1.706e-05
1000SATSTRY,0.000669
SHIBFDUSD,7.66e-06
SANDFDUSD,0.1157
MEMEETH,5.76e-06
IOTATRY,3.669
INJFDUSD,4.431
FIDATRY,1.093
BONKUSDT,8.69e-06
BONKFDUSD,8.7e-06
BONKTRY,0.0003764
ACEFDUSD,2.022
ACEUSDT,0.241
ACEBNB,0.00894
ACEBTC,2.169e-05
ACETRY,10.45
BLZFDUSD,0.126
RARETRY,1.109
VANRYTRY,0.329
NFPBTC,2.7e-07
NFPUSDT,0.0234
NFPBNB,0.000562
NFPFDUSD,0.026
NFPTUSD,0.3975
NFPTRY,1.01
ARBUSDC,0.1684
AVAXUSDC,11.75
DOTUSDC,1.86
INJUSDC,4.409
MATICUSDC,0.3791
OPUSDC,0.2944
ORDIUSDC,3.885
AIBTC,4e-07
AIUSDT,0.0331
AIBNB,4.71e-05
AIFDUSD,0.0346
AITUSD,0.514
AITRY,1.43
ICPFDUSD,3.288
LDOFDUSD,0.5162
MOVRTRY,98.4
XAIBTC,8.9e-07
XAIUSDT,0.01444
XAIBNB,0.001038
XAIFDUSD,0.0613
XAITUSD,0.8986
XAITRY,0.625
SKLTRY,0.416
STXFDUSD,0.2982
TIAFDUSD,0.4422
MANTABTC,9.4e-07
MANTAUSDT,0.0824
MANTABNB,0.00157
MANTAFDUSD,0.0827
MANTATRY,3.564
ENSFDUSD,9.49
ETCFDUSD,11.3
SUIUSDC,1.4376
TIAUSDC,0.4408
CHZFDUSD,0.0876
MANTAUSDC,0.0824
ALTBTC,1.3e-07
ALTUSDT,0.01148
ALTBNB,1.3e-05
ALTFDUSD,0.01196
ALTTRY,0.498
APTFDUSD,1.541
BLURUSDC,0.0293
JUPUSDT,0.1923
JUPFDUSD,0.1925
JUPTRY,8.34
ALTUSDC,0.01146
MAGICFDUSD,0.905
SEIUSDC,0.1053
PYTHBTC,6.6e-07
PYTHUSDT,0.058
PYTHFDUSD,0.0652
PYTHTRY,2.517
RONINBTC,1.71e-06
RONINUSDT,0.1514
RONINFDUSD,0.141
RONINTRY,6.52
DYMBTC,1.452e-05
DYMUSDT,0.0572
DYMFDUSD,1.34
DYMTRY,2.475
JUPUSDC,0.1921
PENDLEFDUSD,2.172
PIXELBTC,1.46e-06
PIXELBNB,0.000228
PIXELUSDT,0.00786
PIXELFDUSD,0.1553
PIXELTRY,0.34
STRKBTC,1.49e-06
STRKUSDT,0.0688
STRKFDUSD,0.074
STRKTRY,2.98
FILUSDC,1.271
HBARTRY,4.591
PENDLETRY,81.5
WLDUSDC,0.4549
CKBTRY,0.1035
COTITRY,0.766
LDOTRY,22.26
UNIUSDC,4.678
PORTALBTC,2e-07
PORTALUSDT,0.0188
PORTALBNB,2.04e-05
PORTALFDUSD,0.0188
PORTALTRY,0.814
PDABTC,7.9e-07
PDAUSDT,0.00977
AXLBTC,1.21e-06
AXLUSDT,0.1055
AXLFDUSD,0.6106
AXLTRY,4.57
PEPEFDUSD,5e-06
PIXELUSDC,0.00786
STRKUSDC,0.0687
UNIFDUSD,4.688
OMTRY,2.8
THETATRY,11.7
WIFBTC,3.71e-06
WIFUSDT,0.328
WIFFDUSD,0.328
WIFTRY,14.18
AGIXFDUSD,0.6188
PEPEUSDC,4.99e-06
SHIBUSDC,7.65e-06
THETAFDUSD,0.71
ARTRY,144.4
METISBTC,0.000539
METISUSDT,4.7
METISFDUSD,49.49
METISTRY,203.0
BNBJPY,137067.0
BTCJPY,13665701.0
ETHJPY,453191.0
FLOKIFDUSD,4.161e-05
GRTFDUSD,0.03605
NEARUSDC,1.466
SNXTRY,17.85
AEVOBTC,4.4e-07
AEVOUSDT,0.0362
AEVOBNB,0.000777
AEVOFDUSD,0.04
AEVOTRY,1.57
FETUSDC,0.2209
IMXTRY,38.57
EURUSDC,1.1854
BOMETRY,0.0245
BOMEBTC,6e-08
BOMEUSDT,0.000567
BOMEFDUSD,0.000595
ETHFIBTC,7.9e-06
ETHFIUSDT,0.593
ETHFIBNB,0.002523
ETHFIFDUSD,0.723
ETHFITRY,25.69
AAVETRY,6698.0
ARKMFDUSD,0.165
CRVTRY,14.87
FETBRL,4.33
RAYFDUSD,1.154
RNDREUR,6.475
BONKUSDC,8.69e-06
FLOKIUSDC,4.147e-05
MKRTRY,75292.0
RAYTRY,42.47
RNDRBRL,39.58
ENABTC,1.91e-06
ENAUSDT,0.168
ENABNB,0.0001987
ENAFDUSD,0.1681
ENATRY,7.272
LQTYFDUSD,0.651
MASKTRY,27.79
PENDLEUSDC,1.881
RDNTTRY,0.366
WBTC,4.6e-07
WUSDT,0.0291
WFDUSD,0.0291
WTRY,1.26
BOMEUSDC,0.000568
JTOUSDC,0.334
WIFUSDC,0.327
TNSRBTC,1.42e-06
TNSRUSDT,0.0591
TNSRFDUSD,0.1241
TNSRTRY,2.56
SAGABTC,5.4e-07
SAGAUSDT,0.0472
SAGABNB,5.4e-05
SAGAFDUSD,0.0475
SAGATRY,2.04
USDTMXN,17.37
CKBUSDC,0.002393
ENAUSDC,0.1678
ETHFIUSDC,0.593
YGGUSDC,0.0629
USDTCZK,22.9
TAOBTC,0.002632
TAOUSDT,232.1
TAOFDUSD,232.7
TAOTRY,10065.0
CFXUSDC,0.0671
RNDRUSDC,7.041
RUNEUSDC,0.564
SAGAUSDC,0.0472
POLYXTRY,2.4
OMNIBTC,3.49e-05
OMNIUSDT,3.88
OMNIBNB,0.01361
OMNIFDUSD,3.87
OMNITRY,160.7
APTUSDC,1.54
GALAUSDC,0.006
OMNIBRL,40.2
STXUSDC,0.2955
ICPUSDC,3.275
OMNIUSDC,3.88
PEPEBRL,2.633e-05
YGGTRY,6.2
ADAJPY,54.45
SHIBJPY,0.001185
SOLJPY,19246.0
XRPJPY,293.56
REZBTC,1.8e-07
REZUSDT,0.00452
REZBNB,8.31e-05
REZFDUSD,0.03438
REZTRY,0.195
EGLDTRY,244.5
PHBTRY,10.21
RSRTRY,0.1003
BBBTC,5.5e-07
BBUSDT,0.0491
BBBNB,5.6e-05
BBFDUSD,0.0493
BBTRY,2.126
FRONTUSDC,0.883
PEOPLETRY,0.397
TRBUSDC,19.39
NOTUSDT,0.00054
NOTBNB,1.353e-05
NOTFDUSD,0.00054
NOTTRY,0.0233
ARKMUSDC,0.164
ARUSDC,3.33
BBUSDC,0.0491
CRVUSDC,0.3412
PEOPLEUSDC,0.00915
ARFDUSD,3.73
ENAEUR,0.277
PEPEEUR,4.21e-06
REZUSDC,0.00453
TRBFDUSD,59.44
USDCTRY,43.33
BTCMXN,1534393.0
XRPMXN,33.126
ENSUSDC,8.76
LDOUSDC,0.5135
NOTUSDC,0.000539
NEARBRL,7.76
HIGHTRY,8.85
PEOPLEFDUSD,0.00917
TNSRUSDC,0.0593
USDTCOP,3688.0
IOBTC,1.78e-06
IOUSDT,0.159
IOBNB,0.000178
IOFDUSD,0.158
IOTRY,6.85
NOTBRL,0.03755
TRUTRY,0.371
WIFEUR,0.275
ZKBTC,3.1e-07
ZKUSDT,0.02777
ZKFDUSD,0.03492
ZKTRY,1.203
LISTAUSDT,0.1365
LISTABNB,0.0002013
LISTAFDUSD,0.1687
LISTATRY,5.92
ZROBTC,2.221e-05
ZROUSDT,1.962
ZROFDUSD,1.964
ZROTRY,84.9
LISTABRL,2.176
BAKETRY,2.14
WIFBRL,1.73
ZKUSDC,0.02773
ZROUSDC,1.957
IOUSDC,0.158
1000SATSUSDC,1.54e-05
BNXTRY,65.3
ETHARS,4430051.0
GUSDT,0.0045
GTRY,0.194
BANANABTC,7.17e-05
BANANAUSDT,6.35
BANANABNB,0.00709
BANANAFDUSD,6.32
BANANATRY,275.0
RENDERBTC,2.121e-05
RENDERUSDT,1.872
RENDERFDUSD,1.874
RENDERUSDC,1.87
RENDERTRY,81.1
RENDEREUR,1.576
RENDERBRL,9.88
TONBTC,1.714e-05
TONUSDT,1.516
TONFDUSD,1.52
TONTRY,65.6
BONKBRL,4.627e-05
NOTEUR,0.00283
DOGEJPY,18.95
MATICJPY,54.46
NEARJPY,227.9
TONUSDC,1.513
AAVEFDUSD,171.75
DOGSUSDT,3.8e-05
DOGSBNB,6.4e-07
DOGSFDUSD,4.35e-05
DOGSTRY,0.00164
EUREURI,0.9999
EURIUSDT,1.1867
DOGSBRL,0.001006
DOGSUSDC,3.8e-05
RAREBRL,0.6869
RAREUSDC,0.0255
SLFBTC,1.6e-07
SLFTRY,0.85
SLFUSDC,0.0201
SLFUSDT,0.0208
AAVEUSDC,154.35
SUNTRY,0.8009
STMXTRY,0.1652
POLBNB,0.0001329
POLBRL,0.621
POLBTC,1.34e-06
POLETH,4.018e-05
POLEUR,0.0991
POLFDUSD,0.1177
POLJPY,18.29
POLTRY,5.09
POLUSDC,0.1173
POLUSDT,0.1175
NEIROUSDT,0.00011261
TURBOUSDT,0.001487
1MBABYDOGEUSDT,0.0005748
CATIUSDT,0.0574
CATIBNB,0.000456
CATIFDUSD,0.0742
CATITRY,2.48
1MBABYDOGEFDUSD,0.0006145
1MBABYDOGETRY,0.02492
CATIBRL,1.91
BTCEURI,74330.0
NEIROFDUSD,0.0001395
NEIROTRY,0.00487
HMSTRUSDT,0.0002275
HMSTRBNB,3.87e-06
HMSTRFDUSD,0.0002386
HMSTRTRY,0.00984
EIGENBTC,3.67e-06
EIGENUSDT,0.325
EIGENFDUSD,0.325
EIGENTRY,14.09
NEIROBRL,0.002053
NEIROEUR,0.00034972
BNSOLSOL,1.0945
SCRUSDT,0.075
SUIBRL,7.6
TURBOTRY,0.0644
BNSOLUSDT,135.9
LUMIAUSDT,0.103
SCRBTC,8.5e-07
SCRFDUSD,0.076
SCRTRY,3.26
KAIAUSDT,0.0719
COWUSDT,0.199
CETUSUSDT,0.0229
PNUTUSDT,0.0717
ACTUSDT,0.022
ACTTRY,0.95
COWTRY,8.62
CETUSTRY,0.99
TROYTRY,0.0024
PNUTTRY,3.11
ACTFDUSD,0.0241
ACTUSDC,0.022
NEIROUSDC,0.00011257
PNUTBTC,8e-07
PNUTFDUSD,0.0718
PNUTUSDC,0.0717
USUALUSDT,0.0261
ACTBRL,0.322
ACTEUR,0.0352
CATIUSDC,0.0574
ETHEURI,2461.5
LUMIATRY,4.42
PNUTBRL,0.732
PNUTEUR,0.0608
APEFDUSD,0.2147
FDUSDUSDC,0.9979
HBARUSDC,0.10604
OMUSDC,0.0648
RAYUSDC,0.976
TAOUSDC,232.0
TURBOFDUSD,0.002309
THEBTC,2.83e-06
THEBNB,0.0006043
THEFDUSD,0.3318
THETRY,10.694
THEUSDT,0.2465
APEUSDC,0.1803
BOMEEUR,0.000928
EIGENUSDC,0.325
HBARFDUSD,0.10635
MEMEUSDC,0.001038
TROYUSDC,6.5e-05
WLDEUR,0.3838
1MBABYDOGEUSDC,0.0005748
CETUSUSDC,0.0229
COWUSDC,0.1993
DYDXUSDC,0.1654
HMSTRUSDC,0.0002275
TURBOUSDC,0.001488
ENABRL,0.887
EOSFDUSD,0.7747
KAIAUSDC,0.0718
SANDUSDC,0.1318
XLMFDUSD,0.2064
CHZUSDC,0.05545
PYTHUSDC,0.0579
RSRUSDC,0.002309
RSRFDUSD,0.005744
WUSDC,0.029
XTZUSDC,0.5604
ACXUSDT,0.0465
ORCAUSDT,1.056
MOVEBTC,3.8e-07
MOVEUSDT,0.0334
MOVEBNB,3.79e-05
MOVEFDUSD,0.1272
MOVETRY,1.449
MEBTC,3.98e-06
MEUSDT,0.2067
MEFDUSD,0.2067
METRY,8.96
ACXUSDC,0.0463
ORCAUSDC,1.054
ACXFDUSD,0.1791
ORCAFDUSD,2.116
ACXTRY,2.02
ORCATRY,45.7
KSMTRY,291.0
CELOTRY,5.1
HIVEFDUSD,0.2369
HIVEUSDC,0.0927
IDEXFDUSD,0.02222
IDEXUSDC,0.0091
TLMFDUSD,0.00415
TLMUSDC,0.002172
VELODROMEUSDT,0.0193
VANAUSDT,2.096
VANABNB,0.00866
VANAFDUSD,2.109
VANATRY,90.9
1000CATUSDT,0.00261
1000CATBNB,8.7e-06
1000CATFDUSD,0.00773
1000CATTRY,0.113
PENGUUSDT,0.009562
PENGUBNB,7.32e-06
PENGUFDUSD,0.009872
PENGUTRY,0.4141
USUALBTC,3.1e-07
USUALFDUSD,0.0475
USUALTRY,1.13
1000CATUSDC,0.00261
PENGUUSDC,0.009553
BIOUSDT,0.0446
BIOBNB,5.038e-05
BIOFDUSD,0.042
BIOTRY,1.93
BIOUSDC,0.0447
HIVETRY,4.04
MOVEUSDC,0.0334
PHATRY,1.67
SUSHITRY,12.53
DUSDT,0.01213
DTRY,0.525
APTJPY,239.3
SUIJPY,223.12
XLMJPY,31.96
PEPEJPY,0.000775
PHAUSDC,0.0385
USDCPLN,3.548
STEEMUSDC,0.0668
USUALUSDC,0.0261
AIXBTUSDT,0.0302
AIXBTUSDC,0.0302
CGPTUSDT,0.02956
CGPTUSDC,0.02945
COOKIEUSDT,0.0283
COOKIEUSDC,0.0283
SBTC,7.6e-07
SBNB,7.6e-05
SETH,2.29e-05
SEUR,0.0566
SFDUSD,0.0669
STRY,2.9
SUSDC,0.0669
SUSDT,0.0669
IOTXJPY,1.202
SEIJPY,16.34
SOLVUSDT,0.01195
SOLVBNB,1.352e-05
SOLVFDUSD,0.01196
SOLVTRY,0.518
TRUMPUSDT,4.769
TRUMPUSDC,4.765
AIXBTTRY,1.3
TRUMPTRY,206.6
ANIMEUSDT,0.00661
ANIMEUSDC,0.0066
ANIMEBNB,3.24e-05
ANIMEFDUSD,0.01729
ANIMETRY,0.286
BERABTC,7.38e-06
BERAUSDT,0.653
BERAUSDC,0.653
BERAFDUSD,0.653
BERABNB,0.000738
BERATRY,28.31
1000CHEEMSUSDT,0.000887
1000CHEEMSUSDC,0.00089
TSTUSDT,0.0141
TSTUSDC,0.01409
LAYERBTC,1.73e-06
LAYERUSDT,0.1393
LAYERUSDC,0.1392
LAYERBNB,0.000236
LAYERFDUSD,0.1653
LAYERTRY,6.03
QTUMTRY,55.1
TRUMPEUR,4.018
VTHOTRY,0.0344
HEIBTC,1.6e-06
HEIUSDT,0.141
CAKEUSDC,1.89
HEIUSDC,0.1413
TRUMPFDUSD,4.775
TSTFDUSD,0.042
BNXUSDC,1.7783
LTCJPY,10733.0
BCHJPY,91239.0
LINKJPY,1851.0
KAITOBTC,6.11e-06
KAITOUSDT,0.4118
KAITOUSDC,0.4117
KAITOBNB,0.0021556
KAITOFDUSD,0.4107
KAITOTRY,17.818
ETHMXN,50854.0
KAITOBRL,7.524
SOLMXN,2163.0
BNBARS,1340817.0
SOLARS,188899.0
TRUMPBRL,25.16
TRXFDUSD,0.3127
TSTTRY,0.61
SHELLBTC,5e-07
SHELLUSDT,0.0442
SHELLUSDC,0.0441
SHELLBNB,7.78e-05
SHELLFDUSD,0.0545
SHELLTRY,1.92
REDUSDT,0.2468
GPSUSDT,0.00744
GPSUSDC,0.00745
GPSFDUSD,0.01982
GPSTRY,0.322
GPSBNB,8.45e-06
REDBTC,2.8e-06
REDUSDC,0.2469
REDFDUSD,0.2568
REDTRY,10.68
CHESSUSDC,0.02903
EGLDUSDC,5.72
OSMOUSDC,0.0515
UTKUSDC,0.01181
TUSDC,0.00918
CVCUSDC,0.04347
EURIUSDC,1.1856
SYNUSDC,0.0512
USDCRON,4.38
VELODROMEUSDC,0.0194
EPICUSDT,0.518
DFUSDC,0.01055
EPICUSDC,0.518
GMXUSDC,7.41
MKRUSDC,1817.7
RPLUSDC,1.97
BMTUSDT,0.0226
BMTUSDC,0.0226
BMTBNB,7.34e-05
BMTFDUSD,0.0298
BMTTRY,0.978
FORMUSDC,0.3095
FORMUSDT,0.3108
FORMTRY,13.43
XUSDUSDT,1.0009
IOTAUSDC,0.0847
JUVUSDC,0.69
THEUSDC,0.2464
VANRYUSDC,0.0075
USDCCZK,20.29
NILUSDT,0.0695
NILBNB,0.0001828
NILFDUSD,0.2811
NILUSDC,0.0694
NILTRY,3.0
BEAMXUSDC,0.002947
VANAUSDC,2.094
PARTIFDUSD,0.0862
PARTITRY,3.73
PARTIUSDT,0.0861
PARTIUSDC,0.0861
PARTIBNB,9.706e-05
MUBARAKUSDT,0.01803
MUBARAKUSDC,0.01796
TUTUSDT,0.0143
BROCCOLI714USDT,0.01816
TUTUSDC,0.01428
BANANAS31USDT,0.004524
BANANAS31USDC,0.004529
BROCCOLI714USDC,0.01814
GUNUSDT,0.02909
GUNBNB,3.293e-05
GUNFDUSD,0.02916
GUNTRY,1.261
THETAUSDC,0.271
API3USDC,0.4034
AUCTIONTRY,270.3
AUCTIONUSDC,6.24
BANANAUSDC,6.35
GUNUSDC,0.02907
QNTUSDC,73.34
VETUSDC,0.01008
ZENUSDC,9.308
BABYUSDT,0.01748
BABYUSDC,0.01743
BABYBNB,5.582e-05
BABYFDUSD,0.04407
BABYTRY,0.757
ONDOUSDT,0.3335
ONDOUSDC,0.3332
BIGTIMEUSDT,0.02119
BIGTIMEUSDC,0.02112
VIRTUALUSDT,0.7978
VIRTUALUSDC,0.797
KERNELBNB,8.57e-05
KERNELFDUSD,0.0757
KERNELTRY,3.27
KERNELUSDC,0.0756
KERNELUSDT,0.0755
WCTTRY,3.36
WCTFDUSD,0.0822
WCTBNB,8.27e-05
WCTUSDC,0.0774
WCTUSDT,0.0775
PAXGUSDC,5095.06
ONDOTRY,14.44
BABYEUR,0.03866
ACHUSDC,0.01042
GMTUSDC,0.01574
HYPERUSDT,0.1241
HYPERUSDC,0.1235
HYPERBNB,0.0002517
HYPERFDUSD,0.3535
HYPERTRY,5.38
INITUSDT,0.0898
INITUSDC,0.0899
INITBNB,0.000124
INITFDUSD,0.1055
INITTRY,3.89
SIGNUSDT,0.03855
SIGNUSDC,0.03851
SIGNBNB,4.359e-05
SIGNFDUSD,0.03859
SIGNTRY,1.677
STOUSDT,0.0861
STOUSDC,0.0859
STOBNB,0.00010532
STOFDUSD,0.0975
STOTRY,3.726
ENJUSDC,0.02737
VIRTUALTRY,34.53
SYRUPUSDT,0.3365
SYRUPUSDC,0.3364
KMNOUSDT,0.04105
KMNOUSDC,0.04107
SXTUSDT,0.0279
SXTUSDC,0.0279
SXTBNB,8.835e-05
SXTFDUSD,0.074
SXTTRY,1.207
PUNDIXUSDC,0.2181
SYRUPTRY,14.569
NXPCUSDT,0.3771
NXPCUSDC,0.3762
NXPCBNB,0.00071138
NXPCFDUSD,0.7618
NXPCTRY,16.29
AWEBTC,5.9e-07
AWEUSDT,0.05192
HAEDALUSDT,0.0388
HAEDALUSDC,0.0386
HAEDALBNB,5.79e-05
HAEDALFDUSD,0.0491
HAEDALTRY,1.662
USD1USDT,1.001
HUMAUSDT,0.02416
HUMAUSDC,0.02414
HUMABNB,3.018e-05
HUMAFDUSD,0.02692
HUMATRY,1.046
ABTC,1.68e-06
AETH,0.0001014
AFDUSD,0.283
ATRY,4.72
AUSDC,0.1089
AUSDT,0.1091
SOPHUSDT,0.01239
SOPHUSDC,0.01238
SOPHBNB,3.46e-05
SOPHFDUSD,0.01243
SOPHTRY,0.536
MUBARAKTRY,0.782
TRXJPY,45.71
DAIJPY,155.11
RESOLVUSDT,0.1195
RESOLVUSDC,0.1193
RESOLVBNB,0.0001139
RESOLVFDUSD,0.0628
RESOLVTRY,5.17
HOMEUSDT,0.03044
HOMEUSDC,0.03044
HOMEBNB,2.543e-05
HOMEFDUSD,0.02962
HOMETRY,1.318
FLUXUSDC,0.0986
MASKUSDC,0.648
SUSHIUSDC,0.2962
SPKUSDT,0.022528
SPKUSDC,0.0225
SPKBNB,3.258e-05
SPKFDUSD,0.049085
SPKTRY,0.9737
NEWTUSDT,0.0988
NEWTUSDC,0.0985
NEWTBNB,0.00010934
NEWTFDUSD,0.0966
NEWTTRY,4.24
NEIROJPY,0.01754
SAHARAUSDT,0.02371
SAHARAUSDC,0.02373
SAHARABNB,8.898e-05
SAHARAFDUSD,0.07706
SAHARATRY,1.026
LPTUSDC,3.281
RVNUSDC,0.00714
LAUSDT,0.308
LAUSDC,0.307
LABNB,0.0003489
LAFDUSD,0.4247
LATRY,13.35
LPTJPY,503.7
XAIUSDC,0.01447
AXSUSDC,2.632
COMPUSDC,23.79
ERAUSDT,0.2067
ERAUSDC,0.2066
ERABNB,0.00023408
ERAFDUSD,0.207
ERATRY,8.96
CUSDT,0.0756
CUSDC,0.0755
CBNB,0.00010042
CFDUSD,0.0918
CTRY,3.263
GRTUSDC,0.03572
ROSEUSDC,0.0178
CVXUSDC,2.052
FUNUSDC,0.00135
LISTAUSDC,0.1369
TREEUSDT,0.0928
TREEUSDC,0.0927
TREEBNB,0.0001365
TREEFDUSD,0.1333
TREETRY,4.02
A2ZUSDT,0.001339
TOWNSUSDT,0.00625
TOWNSUSDC,0.00622
TOWNSBNB,9.83e-06
TOWNSFDUSD,0.00825
TOWNSTRY,0.27
PROVEUSDT,0.3683
PROVEUSDC,0.3681
PROVEBNB,0.00047311
PROVEFDUSD,0.4619
PROVETRY,15.94
ILVUSDC,5.68
MAGICUSDC,0.0894
USDCBRL,5.2831
BFUSDUSDT,0.9993
PLUMEUSDT,0.0151
PLUMEUSDC,0.01509
PLUMEBNB,1.705e-05
PLUMEFDUSD,0.01532
PLUMETRY,0.655
CYBERUSDC,0.787
MAVUSDC,0.02509
SKLUSDC,0.00957
A2ZUSDC,0.001345
SSVUSDC,4.085
UMAUSDC,0.682
DOLOUSDT,0.04804
DOLOUSDC,0.04814
DOLOBNB,4.038e-05
DOLOFDUSD,0.04283
DOLOTRY,2.081
MITOUSDT,0.06362
MITOUSDC,0.06424
MITOBNB,9.06e-05
MITOFDUSD,0.07336
MITOTRY,2.76
WLFIUSDT,0.1579
WLFIUSDC,0.1579
WLFITRY,6.839
BFUSDUSDC,0.9996
NMRUSDC,9.32
QTUMUSDC,1.271
SOMIUSDT,0.2234
SOMIUSDC,0.223
SOMIBNB,0.00028954
SOMIFDUSD,0.2225
SOMITRY,9.66
WLFIBRL,0.881
WLFIEUR,0.1325
OPENUSDT,0.168
OPENUSDC,0.1678
OPENBNB,0.000189
OPENFDUSD,0.1674
OPENTRY,7.254
USDEUSDC,0.9991
USDEUSDT,1.0
LINEAUSDT,0.00671
LINEAUSDC,0.00671
LINEABNB,7.33e-06
LINEAFDUSD,0.00667
LINEATRY,0.2906
HOLOUSDT,0.0691
HOLOUSDC,0.069
HOLOBNB,7.382e-05
HOLOFDUSD,0.0675
HOLOTRY,2.992
PUMPUSDT,0.003051
PUMPTRY,0.1322
PUMPUSDC,0.00305
AVNTUSDT,0.2965
AVNTUSDC,0.2961
AVNTTRY,12.83
ZKCUSDT,0.1341
ZKCUSDC,0.1339
ZKCFDUSD,0.1139
ZKCBNB,0.000132
ZKCTRY,5.8
SKYBTC,7.2e-07
SKYTRY,2.721
SKYUSDC,0.06297
SKYUSDT,0.06301
BARDUSDT,0.784
BARDUSDC,0.7828
BARDFDUSD,0.7938
BARDTRY,33.95
BARDBNB,0.0009227
0GUSDT,0.89
0GUSDC,0.889
0GBNB,0.00086322
0GFDUSD,0.901
0GTRY,38.48
IMXUSDC,0.232
NMRTRY,403.0
TWTUSDC,0.8452
HEMIBNB,1.665e-05
HEMITRY,0.64
HEMIUSDT,0.015
HEMIUSDC,0.0149
HEMIFDUSD,0.0164
XPLUSDT,0.1272
XPLUSDC,0.127
XPLBNB,0.00014326
XPLFDUSD,0.1274
XPLTRY,5.51
MIRAUSDT,0.1263
MIRAUSDC,0.126
MIRABNB,0.00014577
MIRAFDUSD,0.1416
MIRATRY,5.45
FFUSDT,0.09058
FFUSDC,0.09057
FFBNB,0.00010243
FFFDUSD,0.09076
FFTRY,3.928
AEVOUSDC,0.0361
MEUSDC,0.2067
SNXUSDC,0.413
EDENUSDT,0.0554
EDENUSDC,0.0554
EDENBNB,7.86e-05
EDENFDUSD,0.072
EDENTRY,2.4
NOMFDUSD,0.0107
NOMTRY,0.454
NOMUSDC,0.01046
NOMUSDT,0.01046
2ZUSDT,0.1176
2ZUSDC,0.11756
2ZBNB,0.00013014
2ZFDUSD,0.12605
2ZTRY,5.093
TRUMPJPY,738.0
MORPHOUSDT,1.238
MORPHOUSDC,1.236
MORPHOBNB,0.001353
MORPHOFDUSD,1.163
MORPHOTRY,53.56
ASTERUSDT,0.658
ASTERUSDC,0.658
ASTERTRY,28.49
WALUSDT,0.1225
WALUSDC,0.1225
WALBNB,0.0001385
WALFDUSD,0.1225
WALTRY,5.31
EULUSDT,1.84
EULUSDC,1.839
EULFDUSD,1.846
EULBNB,0.002478
EULTRY,79.6
ENSOUSDT,1.413
ENSOUSDC,1.409
ENSOFDUSD,1.415
ENSOBNB,0.001595
ENSOTRY,61.1
YBUSDT,0.2446
YBUSDC,0.2444
YBBNB,0.0002757
YBFDUSD,0.372
YBTRY,10.57
ZBTUSDT,0.093
ZBTUSDC,0.0929
ZBTBNB,0.000115
ZBTFDUSD,0.1112
ZBTTRY,4.03
TURTLEUSDT,0.064
TURTLEUSDC,0.0639
TURTLEBNB,7.11e-05
TURTLEFDUSD,0.0604
TURTLETRY,2.75
GIGGLEUSDT,47.55
GIGGLEUSDC,47.48
GIGGLETRY,2058.0
FUSDT,0.00668
FUSDC,0.00668
FTRY,0.2884
KITEUSDT,0.1207
KITEUSDC,0.1199
KITEBNB,0.0001252
KITETRY,5.214
MMTUSDT,0.2132
MMTUSDC,0.2132
MMTBNB,0.0002457
MMTTRY,9.23
DASHUSDC,64.93
SAPIENUSDT,0.1203
SAPIENUSDC,0.1202
SAPIENBNB,0.000135
SAPIENTRY,5.212
MINAUSDC,0.0845
XVGUSDC,0.007476
ALLOUSDT,0.0894
ALLOUSDC,0.0895
ALLOBNB,9.44e-05
ALLOTRY,3.88
SOLVUSDC,0.01197
USD1USDC,0.9999
WLFIUSD1,0.158
BANKUSDT,0.051
BANKUSDC,0.051
BANKTRY,2.211
METUSDT,0.2479
METUSDC,0.2474
METTRY,10.72
1INCHUSDC,0.1396
COTIUSDC,0.01765
LSKUSDC,0.178
USDTUSD,0.9991
USDCUSD,1.0001
DODOTRY,0.7752
HEITRY,6.1
MANTAIDR,1396.0
SCRIDR,1296.5
WLDIDR,7640.0
HBARIDR,1789.0
ATUSDT,0.1568
ATUSDC,0.1567
ATBNB,0.0001786
ATTRY,6.802
ASTERIDR,11077.0
AVAXIDR,197197.0
BOMEIDR,9.5
DOGSIDR,0.65
FLOKIIDR,0.71
POLIDR,1986.0
RENDERIDR,31843.0
TAOIDR,3901091.0
TIAIDR,7400.0
TONIDR,25542.0
VIRTUALIDR,13393.0
WIFIDR,5532.0
ZILIDR,81.3
ARBIDR,2855.0
ADAIDR,5911.0
BNBIDR,14876568.0
BTCIDR,1484460490.0
DOGEIDR,2054.0
ETHIDR,49121133.0
NEIROIDR,1.89
ONDOIDR,5634.0
SUIIDR,24245.0
TKOIDR,1347.43
XRPIDR,31885.0
USDTIDR,16812.0
USDCIDR,16827.0
SOLIDR,2088062.0
BTCUSD,88099.82
BTCUSD1,88112.16
DYMUSDC,0.0572
BNBUSD1,883.3
ETHUSD1,2921.02
SOLUSD1,124.11
DASHTRY,2813.0
DOGEUSD1,0.12213
SUIUSD1,1.4376
XRPUSD1,1.8927
KGSTUSDT,0.01142
ADAUSD1,0.3511
ASTERUSD1,0.658
LUNAUSDC,0.079
LUNCUSDC,3.77e-05
ZECUSD1,380.94
AVAXUSD1,11.76
BCHUSD1,588.5
UNIUSD1,4.677
BREVUSDT,0.2084
BREVUSDC,0.2082
BREVBNB,0.0002349
BREVTRY,9.03
USDT,0.1533
USDC,0.1535
TRY,6.654
ZKPUSDT,0.1147
ZKPUSDC,0.1144
ZKPTRY,4.969
FETJPY,34.25
TAOJPY,35899.0
LINKUSD1,11.97
USDCMXN,17.39
PEPEUSD1,5.01e-06
UUSDT,1.0001
UUSDC,0.999
FRAXUSDT,0.8112
FOGOUSDT,0.03719
FOGOUSDC,0.03713
FOGOTRY,1.61
BTCU,88160.14
LTCUSD1,69.1
UTRY,43.31
XRPRLUSD,1.8981
RLUSDUSDT,1.001
RLUSDU,1.0004
SENTUSDT,0.0276
SENTUSDC,0.02758
SENTTRY,1.1944
BNBU,883.31
KGSTU,0.01142
SOLU,124.34
TRXUSD1,0.2949
USD1U,1.0006
ETHU,2923.41
